Borough,2010 Census FIPS County Code,2010 DCP Borough Code,2010 Census Tract,"Total Occupied Housing Units",census_fips
Bronx,005,2,000100,0,005000100
Bronx,005,2,000200,"1,351",005000200
Bronx,005,2,000400,"1,786",005000400
Bronx,005,2,001600,"1,925",005001600
Bronx,005,2,001900,550,005001900
Bronx,005,2,002000,"3,019",005002000
Bronx,005,2,002300,"1,774",005002300
Bronx,005,2,002400,1,005002400
Bronx,005,2,002500,"1,824",005002500
Bronx,005,2,002701,"1,042",005002701
Bronx,005,2,002702,"1,290",005002702
Bronx,005,2,002800,"2,342",005002800
Bronx,005,2,003100,513,005003100
Bronx,005,2,003300,"1,092",005003300
Bronx,005,2,003500,"1,274",005003500
Bronx,005,2,003700,111,005003700
Bronx,005,2,003800,414,005003800
Bronx,005,2,003900,"1,986",005003900
Bronx,005,2,004001,536,005004001
Bronx,005,2,004100,"1,970",005004100
Bronx,005,2,004200,"2,719",005004200
Bronx,005,2,004300,"1,605",005004300
Bronx,005,2,004400,"1,662",005004400
Bronx,005,2,004600,621,005004600
Bronx,005,2,004800,"1,327",005004800
Bronx,005,2,005001,"1,487",005005001
Bronx,005,2,005002,"1,783",005005002
Bronx,005,2,005100,"1,960",005005100
Bronx,005,2,005200,775,005005200
Bronx,005,2,005300,"1,656",005005300
Bronx,005,2,005400,"1,760",005005400
Bronx,005,2,005600,942,005005600
Bronx,005,2,005902,"1,051",005005902
Bronx,005,2,006000,360,005006000
Bronx,005,2,006100,"2,077",005006100
Bronx,005,2,006200,"2,343",005006200
Bronx,005,2,006300,"1,900",005006300
Bronx,005,2,006400,"1,311",005006400
Bronx,005,2,006500,"1,814",005006500
Bronx,005,2,006700,"2,287",005006700
Bronx,005,2,006800,"1,017",005006800
Bronx,005,2,006900,"2,558",005006900
Bronx,005,2,007000,"1,492",005007000
Bronx,005,2,007100,616,005007100
Bronx,005,2,007200,"1,762",005007200
Bronx,005,2,007300,"1,282",005007300
Bronx,005,2,007400,"1,378",005007400
Bronx,005,2,007500,"1,580",005007500
Bronx,005,2,007600,"1,723",005007600
Bronx,005,2,007700,576,005007700
Bronx,005,2,007800,"2,082",005007800
Bronx,005,2,007900,"2,246",005007900
Bronx,005,2,008300,"1,964",005008300
Bronx,005,2,008400,714,005008400
Bronx,005,2,008500,"1,659",005008500
Bronx,005,2,008600,"1,446",005008600
Bronx,005,2,008700,"1,677",005008700
Bronx,005,2,008900,"1,139",005008900
Bronx,005,2,009000,"1,167",005009000
Bronx,005,2,009200,"1,783",005009200
Bronx,005,2,009300,"1,706",005009300
Bronx,005,2,009600,710,005009600
Bronx,005,2,009800,"1,761",005009800
Bronx,005,2,011000,43,005011000
Bronx,005,2,011502,"1,365",005011502
Bronx,005,2,011700,562,005011700
Bronx,005,2,011800,"1,576",005011800
Bronx,005,2,011900,"1,904",005011900
Bronx,005,2,012101,906,005012101
Bronx,005,2,012102,492,005012102
Bronx,005,2,012300,"1,398",005012300
Bronx,005,2,012500,"1,235",005012500
Bronx,005,2,012701,789,005012701
Bronx,005,2,012901,"1,400",005012901
Bronx,005,2,013000,424,005013000
Bronx,005,2,013100,"1,661",005013100
Bronx,005,2,013200,"2,186",005013200
Bronx,005,2,013300,"2,278",005013300
Bronx,005,2,013500,"1,244",005013500
Bronx,005,2,013800,"1,279",005013800
Bronx,005,2,014100,"1,202",005014100
Bronx,005,2,014300,380,005014300
Bronx,005,2,014400,"2,196",005014400
Bronx,005,2,014500,"1,949",005014500
Bronx,005,2,014701,"2,016",005014701
Bronx,005,2,014702,"1,637",005014702
Bronx,005,2,014900,"1,426",005014900
Bronx,005,2,015100,"1,744",005015100
Bronx,005,2,015200,901,005015200
Bronx,005,2,015300,"1,381",005015300
Bronx,005,2,015500,990,005015500
Bronx,005,2,015700,"1,189",005015700
Bronx,005,2,015800,454,005015800
Bronx,005,2,015900,681,005015900
Bronx,005,2,016000,"1,550",005016000
Bronx,005,2,016100,"1,701",005016100
Bronx,005,2,016200,580,005016200
Bronx,005,2,016300,0,005016300
Bronx,005,2,016400,443,005016400
Bronx,005,2,016500,364,005016500
Bronx,005,2,016600,762,005016600
Bronx,005,2,016700,654,005016700
Bronx,005,2,016900,471,005016900
Bronx,005,2,017100,0,005017100
Bronx,005,2,017300,"2,020",005017300
Bronx,005,2,017500,"2,470",005017500
Bronx,005,2,017701,"1,243",005017701
Bronx,005,2,017702,"1,590",005017702
Bronx,005,2,017901,"1,475",005017901
Bronx,005,2,017902,"1,110",005017902
Bronx,005,2,018101,"1,036",005018101
Bronx,005,2,018102,"1,637",005018102
Bronx,005,2,018301,"1,942",005018301
Bronx,005,2,018302,"1,255",005018302
Bronx,005,2,018400,"1,564",005018400
Bronx,005,2,018500,"2,496",005018500
Bronx,005,2,018900,"2,595",005018900
Bronx,005,2,019300,"1,969",005019300
Bronx,005,2,019400,675,005019400
Bronx,005,2,019500,"2,605",005019500
Bronx,005,2,019700,"2,172",005019700
Bronx,005,2,019900,"2,689",005019900
Bronx,005,2,020000,"1,566",005020000
Bronx,005,2,020100,"1,264",005020100
Bronx,005,2,020200,757,005020200
Bronx,005,2,020400,"1,027",005020400
Bronx,005,2,020501,"2,555",005020501
Bronx,005,2,020502,663,005020502
Bronx,005,2,020601,"1,112",005020601
Bronx,005,2,020900,"1,614",005020900
Bronx,005,2,021001,"3,954",005021001
Bronx,005,2,021002,"3,070",005021002
Bronx,005,2,021100,"1,841",005021100
Bronx,005,2,021200,"2,269",005021200
Bronx,005,2,021301,386,005021301
Bronx,005,2,021302,"1,881",005021302
Bronx,005,2,021501,"1,015",005021501
Bronx,005,2,021502,"1,915",005021502
Bronx,005,2,021601,"1,536",005021601
Bronx,005,2,021602,"2,498",005021602
Bronx,005,2,021700,"1,703",005021700
Bronx,005,2,021800,"2,272",005021800
Bronx,005,2,021900,418,005021900
Bronx,005,2,022000,430,005022000
Bronx,005,2,022101,"1,144",005022101
Bronx,005,2,022102,"1,611",005022102
Bronx,005,2,022200,"1,159",005022200
Bronx,005,2,022300,"1,741",005022300
Bronx,005,2,022401,"1,117",005022401
Bronx,005,2,022403,"1,288",005022403
Bronx,005,2,022404,"1,783",005022404
Bronx,005,2,022500,"2,151",005022500
Bronx,005,2,022701,"1,714",005022701
Bronx,005,2,022702,604,005022702
Bronx,005,2,022703,556,005022703
Bronx,005,2,022800,"2,391",005022800
Bronx,005,2,022901,"1,727",005022901
Bronx,005,2,022902,"1,055",005022902
Bronx,005,2,023000,"1,010",005023000
Bronx,005,2,023100,424,005023100
Bronx,005,2,023200,898,005023200
Bronx,005,2,023301,"1,490",005023301
Bronx,005,2,023302,968,005023302
Bronx,005,2,023501,"1,016",005023501
Bronx,005,2,023502,"1,572",005023502
Bronx,005,2,023600,637,005023600
Bronx,005,2,023702,331,005023702
Bronx,005,2,023703,"1,467",005023703
Bronx,005,2,023704,"1,176",005023704
Bronx,005,2,023800,847,005023800
Bronx,005,2,023900,"2,511",005023900
Bronx,005,2,024000,"1,261",005024000
Bronx,005,2,024100,"1,853",005024100
Bronx,005,2,024300,"1,916",005024300
Bronx,005,2,024400,835,005024400
Bronx,005,2,024501,"1,517",005024501
Bronx,005,2,024502,"1,116",005024502
Bronx,005,2,024600,778,005024600
Bronx,005,2,024700,635,005024700
Bronx,005,2,024800,"1,219",005024800
Bronx,005,2,024900,0,005024900
Bronx,005,2,025000,991,005025000
Bronx,005,2,025100,"2,086",005025100
Bronx,005,2,025200,970,005025200
Bronx,005,2,025300,"1,889",005025300
Bronx,005,2,025400,810,005025400
Bronx,005,2,025500,"2,072",005025500
Bronx,005,2,025600,646,005025600
Bronx,005,2,025700,657,005025700
Bronx,005,2,026100,987,005026100
Bronx,005,2,026300,"2,124",005026300
Bronx,005,2,026400,"2,032",005026400
Bronx,005,2,026500,"2,041",005026500
Bronx,005,2,026601,"1,391",005026601
Bronx,005,2,026602,"2,549",005026602
Bronx,005,2,026701,"1,339",005026701
Bronx,005,2,026702,"2,402",005026702
Bronx,005,2,026900,"1,344",005026900
Bronx,005,2,027300,"2,555",005027300
Bronx,005,2,027401,"1,836",005027401
Bronx,005,2,027402,"1,330",005027402
Bronx,005,2,027600,217,005027600
Bronx,005,2,027700,"1,766",005027700
Bronx,005,2,027900,"2,819",005027900
Bronx,005,2,028100,"1,760",005028100
Bronx,005,2,028300,"1,307",005028300
Bronx,005,2,028400,61,005028400
Bronx,005,2,028500,"1,574",005028500
Bronx,005,2,028600,484,005028600
Bronx,005,2,028700,"1,185",005028700
Bronx,005,2,028800,"1,209",005028800
Bronx,005,2,028900,"1,726",005028900
Bronx,005,2,029301,905,005029301
Bronx,005,2,029302,"2,627",005029302
Bronx,005,2,029500,"2,005",005029500
Bronx,005,2,029600,721,005029600
Bronx,005,2,029700,"1,666",005029700
Bronx,005,2,030000,"2,592",005030000
Bronx,005,2,030100,558,005030100
Bronx,005,2,030200,"4,183",005030200
Bronx,005,2,030701,"2,590",005030701
Bronx,005,2,030900,"1,351",005030900
Bronx,005,2,031000,"1,284",005031000
Bronx,005,2,031200,577,005031200
Bronx,005,2,031400,638,005031400
Bronx,005,2,031600,609,005031600
Bronx,005,2,031800,601,005031800
Bronx,005,2,031900,0,005031900
Bronx,005,2,032300,"2,676",005032300
Bronx,005,2,032400,"1,249",005032400
Bronx,005,2,032600,"1,077",005032600
Bronx,005,2,032800,"1,420",005032800
Bronx,005,2,033000,"2,125",005033000
Bronx,005,2,033201,"1,849",005033201
Bronx,005,2,033202,"1,600",005033202
Bronx,005,2,033400,600,005033400
Bronx,005,2,033500,749,005033500
Bronx,005,2,033600,"2,569",005033600
Bronx,005,2,033700,909,005033700
Bronx,005,2,033800,"1,353",005033800
Bronx,005,2,034000,"1,721",005034000
Bronx,005,2,034200,598,005034200
Bronx,005,2,034300,595,005034300
Bronx,005,2,034400,588,005034400
Bronx,005,2,034500,"1,638",005034500
Bronx,005,2,034800,"2,060",005034800
Bronx,005,2,035000,632,005035000
Bronx,005,2,035100,"1,090",005035100
Bronx,005,2,035600,656,005035600
Bronx,005,2,035800,"2,443",005035800
Bronx,005,2,035900,687,005035900
Bronx,005,2,036000,907,005036000
Bronx,005,2,036100,"2,143",005036100
Bronx,005,2,036300,"2,476",005036300
Bronx,005,2,036400,885,005036400
Bronx,005,2,036501,"1,347",005036501
Bronx,005,2,036502,741,005036502
Bronx,005,2,036700,626,005036700
Bronx,005,2,036800,624,005036800
Bronx,005,2,036901,763,005036901
Bronx,005,2,036902,716,005036902
Bronx,005,2,037000,794,005037000
Bronx,005,2,037100,"1,695",005037100
Bronx,005,2,037200,819,005037200
Bronx,005,2,037300,"1,739",005037300
Bronx,005,2,037400,"1,384",005037400
Bronx,005,2,037504,"1,254",005037504
Bronx,005,2,037600,811,005037600
Bronx,005,2,037800,"1,039",005037800
Bronx,005,2,037900,"1,490",005037900
Bronx,005,2,038000,"1,740",005038000
Bronx,005,2,038100,"2,086",005038100
Bronx,005,2,038200,872,005038200
Bronx,005,2,038301,"1,514",005038301
Bronx,005,2,038302,"1,933",005038302
Bronx,005,2,038500,"1,492",005038500
Bronx,005,2,038600,"2,642",005038600
Bronx,005,2,038700,"1,164",005038700
Bronx,005,2,038800,860,005038800
Bronx,005,2,038900,"1,802",005038900
Bronx,005,2,039000,968,005039000
Bronx,005,2,039100,"2,395",005039100
Bronx,005,2,039200,590,005039200
Bronx,005,2,039300,"3,057",005039300
Bronx,005,2,039400,"1,589",005039400
Bronx,005,2,039500,"1,435",005039500
Bronx,005,2,039600,"1,339",005039600
Bronx,005,2,039700,549,005039700
Bronx,005,2,039800,"1,040",005039800
Bronx,005,2,039901,"1,638",005039901
Bronx,005,2,039902,"1,625",005039902
Bronx,005,2,040100,"1,450",005040100
Bronx,005,2,040302,"1,380",005040302
Bronx,005,2,040303,"1,498",005040303
Bronx,005,2,040304,"1,219",005040304
Bronx,005,2,040400,"1,038",005040400
Bronx,005,2,040501,"1,349",005040501
Bronx,005,2,040502,"2,205",005040502
Bronx,005,2,040600,"1,189",005040600
Bronx,005,2,040701,"1,170",005040701
Bronx,005,2,040702,"2,375",005040702
Bronx,005,2,040800,"1,499",005040800
Bronx,005,2,040900,"1,431",005040900
Bronx,005,2,041100,"1,155",005041100
Bronx,005,2,041300,"2,793",005041300
Bronx,005,2,041400,"1,734",005041400
Bronx,005,2,041500,"2,172",005041500
Bronx,005,2,041800,"1,236",005041800
Bronx,005,2,041900,"2,460",005041900
Bronx,005,2,042000,"1,388",005042000
Bronx,005,2,042100,"2,239",005042100
Bronx,005,2,042200,"1,140",005042200
Bronx,005,2,042300,"1,428",005042300
Bronx,005,2,042400,809,005042400
Bronx,005,2,042500,"2,149",005042500
Bronx,005,2,042600,"2,129",005042600
Bronx,005,2,042800,725,005042800
Bronx,005,2,042901,"1,186",005042901
Bronx,005,2,042902,"1,380",005042902
Bronx,005,2,043000,997,005043000
Bronx,005,2,043100,"3,446",005043100
Bronx,005,2,043400,"1,300",005043400
Bronx,005,2,043500,12,005043500
Bronx,005,2,043600,678,005043600
Bronx,005,2,044200,"1,257",005044200
Bronx,005,2,044400,"1,311",005044400
Bronx,005,2,044800,662,005044800
Bronx,005,2,044901,872,005044901
Bronx,005,2,044902,920,005044902
Bronx,005,2,045101,851,005045101
Bronx,005,2,045102,931,005045102
Bronx,005,2,045600,"1,049",005045600
Bronx,005,2,045800,"2,013",005045800
Bronx,005,2,046000,979,005046000
Bronx,005,2,046201,"12,426",005046201
Bronx,005,2,046202,"2,547",005046202
Bronx,005,2,048400,"1,197",005048400
Bronx,005,2,050400,19,005050400
Bronx,005,2,051600,"2,025",005051600
Brooklyn,047,3,000100,"2,227",047000100
Brooklyn,047,3,000200,360,047000200
Brooklyn,047,3,000301,"2,020",047000301
Brooklyn,047,3,000501,"1,879",047000501
Brooklyn,047,3,000502,"1,509",047000502
Brooklyn,047,3,000700,"1,726",047000700
Brooklyn,047,3,000900,"1,965",047000900
Brooklyn,047,3,001100,39,047001100
Brooklyn,047,3,001300,977,047001300
Brooklyn,047,3,001500,"1,453",047001500
Brooklyn,047,3,001800,4,047001800
Brooklyn,047,3,002000,437,047002000
Brooklyn,047,3,002100,"1,573",047002100
Brooklyn,047,3,002200,"1,579",047002200
Brooklyn,047,3,002300,"1,498",047002300
Brooklyn,047,3,002901,"1,083",047002901
Brooklyn,047,3,003000,707,047003000
Brooklyn,047,3,003100,850,047003100
Brooklyn,047,3,003300,"1,135",047003300
Brooklyn,047,3,003400,"1,355",047003400
Brooklyn,047,3,003500,806,047003500
Brooklyn,047,3,003600,"1,826",047003600
Brooklyn,047,3,003700,157,047003700
Brooklyn,047,3,003800,682,047003800
Brooklyn,047,3,003900,956,047003900
Brooklyn,047,3,004100,"1,528",047004100
Brooklyn,047,3,004300,"1,513",047004300
Brooklyn,047,3,004400,964,047004400
Brooklyn,047,3,004500,"1,669",047004500
Brooklyn,047,3,004600,447,047004600
Brooklyn,047,3,004700,657,047004700
Brooklyn,047,3,004900,998,047004900
Brooklyn,047,3,005000,"1,052",047005000
Brooklyn,047,3,005100,992,047005100
Brooklyn,047,3,005201,"1,129",047005201
Brooklyn,047,3,005202,"1,411",047005202
Brooklyn,047,3,005300,844,047005300
Brooklyn,047,3,005400,"1,673",047005400
Brooklyn,047,3,005601,"1,420",047005601
Brooklyn,047,3,005602,920,047005602
Brooklyn,047,3,005800,"1,572",047005800
Brooklyn,047,3,005900,633,047005900
Brooklyn,047,3,006000,"1,108",047006000
Brooklyn,047,3,006200,"1,207",047006200
Brooklyn,047,3,006300,927,047006300
Brooklyn,047,3,006400,"1,491",047006400
Brooklyn,047,3,006500,"2,527",047006500
Brooklyn,047,3,006600,"1,581",047006600
Brooklyn,047,3,006700,"1,485",047006700
Brooklyn,047,3,006800,"1,797",047006800
Brooklyn,047,3,006900,"1,627",047006900
Brooklyn,047,3,007000,"1,039",047007000
Brooklyn,047,3,007100,"1,699",047007100
Brooklyn,047,3,007200,583,047007200
Brooklyn,047,3,007400,"1,481",047007400
Brooklyn,047,3,007500,"2,063",047007500
Brooklyn,047,3,007600,"1,328",047007600
Brooklyn,047,3,007700,"1,864",047007700
Brooklyn,047,3,007800,"1,480",047007800
Brooklyn,047,3,008000,"1,235",047008000
Brooklyn,047,3,008200,"1,303",047008200
Brooklyn,047,3,008400,"1,021",047008400
Brooklyn,047,3,008500,"2,833",047008500
Brooklyn,047,3,008600,0,047008600
Brooklyn,047,3,008800,"1,101",047008800
Brooklyn,047,3,009000,832,047009000
Brooklyn,047,3,009200,"1,544",047009200
Brooklyn,047,3,009400,"1,574",047009400
Brooklyn,047,3,009600,"1,778",047009600
Brooklyn,047,3,009800,"1,754",047009800
Brooklyn,047,3,010000,"1,798",047010000
Brooklyn,047,3,010100,"1,423",047010100
Brooklyn,047,3,010200,"1,422",047010200
Brooklyn,047,3,010400,"1,605",047010400
Brooklyn,047,3,010600,"1,521",047010600
Brooklyn,047,3,010800,"1,475",047010800
Brooklyn,047,3,011000,677,047011000
Brooklyn,047,3,011200,"1,928",047011200
Brooklyn,047,3,011400,"1,173",047011400
Brooklyn,047,3,011600,"1,267",047011600
Brooklyn,047,3,011700,998,047011700
Brooklyn,047,3,011800,604,047011800
Brooklyn,047,3,011900,688,047011900
Brooklyn,047,3,012000,341,047012000
Brooklyn,047,3,012100,694,047012100
Brooklyn,047,3,012200,"1,520",047012200
Brooklyn,047,3,012600,872,047012600
Brooklyn,047,3,012700,"1,450",047012700
Brooklyn,047,3,012801,733,047012801
Brooklyn,047,3,012901,978,047012901
Brooklyn,047,3,012902,883,047012902
Brooklyn,047,3,013000,"1,846",047013000
Brooklyn,047,3,013100,"1,806",047013100
Brooklyn,047,3,013200,749,047013200
Brooklyn,047,3,013300,"1,714",047013300
Brooklyn,047,3,013400,"1,500",047013400
Brooklyn,047,3,013500,"1,557",047013500
Brooklyn,047,3,013600,"1,577",047013600
Brooklyn,047,3,013700,"1,380",047013700
Brooklyn,047,3,013800,"1,352",047013800
Brooklyn,047,3,013900,"1,501",047013900
Brooklyn,047,3,014000,782,047014000
Brooklyn,047,3,014100,"1,265",047014100
Brooklyn,047,3,014200,"1,381",047014200
Brooklyn,047,3,014300,"1,427",047014300
Brooklyn,047,3,014500,"1,647",047014500
Brooklyn,047,3,014700,839,047014700
Brooklyn,047,3,014800,495,047014800
Brooklyn,047,3,014900,"2,170",047014900
Brooklyn,047,3,015000,670,047015000
Brooklyn,047,3,015100,"1,558",047015100
Brooklyn,047,3,015200,890,047015200
Brooklyn,047,3,015300,"1,198",047015300
Brooklyn,047,3,015400,0,047015400
Brooklyn,047,3,015500,"1,485",047015500
Brooklyn,047,3,015700,"2,045",047015700
Brooklyn,047,3,015900,"2,639",047015900
Brooklyn,047,3,016000,"1,800",047016000
Brooklyn,047,3,016100,"1,423",047016100
Brooklyn,047,3,016200,"1,013",047016200
Brooklyn,047,3,016300,"1,352",047016300
Brooklyn,047,3,016400,229,047016400
Brooklyn,047,3,016500,"2,422",047016500
Brooklyn,047,3,016600,755,047016600
Brooklyn,047,3,016700,"2,085",047016700
Brooklyn,047,3,016800,677,047016800
Brooklyn,047,3,016900,"2,075",047016900
Brooklyn,047,3,017000,"1,195",047017000
Brooklyn,047,3,017100,"1,602",047017100
Brooklyn,047,3,017200,"1,046",047017200
Brooklyn,047,3,017400,684,047017400
Brooklyn,047,3,017500,2,047017500
Brooklyn,047,3,017600,909,047017600
Brooklyn,047,3,017700,0,047017700
Brooklyn,047,3,017800,903,047017800
Brooklyn,047,3,017900,"1,472",047017900
Brooklyn,047,3,018000,"1,061",047018000
Brooklyn,047,3,018100,"2,176",047018100
Brooklyn,047,3,018200,"1,089",047018200
Brooklyn,047,3,018300,"1,207",047018300
Brooklyn,047,3,018400,777,047018400
Brooklyn,047,3,018501,"1,496",047018501
Brooklyn,047,3,018600,737,047018600
Brooklyn,047,3,018700,551,047018700
Brooklyn,047,3,018800,963,047018800
Brooklyn,047,3,019000,"1,587",047019000
Brooklyn,047,3,019100,916,047019100
Brooklyn,047,3,019200,756,047019200
Brooklyn,047,3,019300,"2,216",047019300
Brooklyn,047,3,019400,"1,101",047019400
Brooklyn,047,3,019500,"1,721",047019500
Brooklyn,047,3,019600,"1,504",047019600
Brooklyn,047,3,019700,"1,684",047019700
Brooklyn,047,3,019800,658,047019800
Brooklyn,047,3,019900,"1,476",047019900
Brooklyn,047,3,020000,779,047020000
Brooklyn,047,3,020100,"1,680",047020100
Brooklyn,047,3,020200,694,047020200
Brooklyn,047,3,020300,651,047020300
Brooklyn,047,3,020400,645,047020400
Brooklyn,047,3,020500,"1,221",047020500
Brooklyn,047,3,020600,802,047020600
Brooklyn,047,3,020700,"2,065",047020700
Brooklyn,047,3,020800,"1,081",047020800
Brooklyn,047,3,021000,"1,321",047021000
Brooklyn,047,3,021100,497,047021100
Brooklyn,047,3,021200,"1,442",047021200
Brooklyn,047,3,021300,"1,811",047021300
Brooklyn,047,3,021400,579,047021400
Brooklyn,047,3,021500,"2,471",047021500
Brooklyn,047,3,021600,980,047021600
Brooklyn,047,3,021700,"1,536",047021700
Brooklyn,047,3,021800,983,047021800
Brooklyn,047,3,021900,"1,503",047021900
Brooklyn,047,3,022000,"1,329",047022000
Brooklyn,047,3,022100,"1,517",047022100
Brooklyn,047,3,022200,"1,247",047022200
Brooklyn,047,3,022400,"1,318",047022400
Brooklyn,047,3,022600,636,047022600
Brooklyn,047,3,022700,"1,429",047022700
Brooklyn,047,3,022800,788,047022800
Brooklyn,047,3,022900,"1,491",047022900
Brooklyn,047,3,023000,"1,101",047023000
Brooklyn,047,3,023100,"1,457",047023100
Brooklyn,047,3,023200,"1,397",047023200
Brooklyn,047,3,023300,"1,773",047023300
Brooklyn,047,3,023400,"1,455",047023400
Brooklyn,047,3,023500,"1,195",047023500
Brooklyn,047,3,023600,"1,709",047023600
Brooklyn,047,3,023800,"1,362",047023800
Brooklyn,047,3,024000,"1,386",047024000
Brooklyn,047,3,024100,913,047024100
Brooklyn,047,3,024200,898,047024200
Brooklyn,047,3,024300,"1,757",047024300
Brooklyn,047,3,024400,920,047024400
Brooklyn,047,3,024500,"1,706",047024500
Brooklyn,047,3,024600,995,047024600
Brooklyn,047,3,024700,960,047024700
Brooklyn,047,3,024800,872,047024800
Brooklyn,047,3,024900,"1,736",047024900
Brooklyn,047,3,025000,530,047025000
Brooklyn,047,3,025100,"1,434",047025100
Brooklyn,047,3,025200,"1,800",047025200
Brooklyn,047,3,025300,"1,171",047025300
Brooklyn,047,3,025400,"1,162",047025400
Brooklyn,047,3,025500,"1,696",047025500
Brooklyn,047,3,025600,"1,024",047025600
Brooklyn,047,3,025700,634,047025700
Brooklyn,047,3,025800,"1,613",047025800
Brooklyn,047,3,025901,683,047025901
Brooklyn,047,3,025902,"1,053",047025902
Brooklyn,047,3,026000,"1,207",047026000
Brooklyn,047,3,026100,"1,950",047026100
Brooklyn,047,3,026200,793,047026200
Brooklyn,047,3,026300,777,047026300
Brooklyn,047,3,026400,"1,596",047026400
Brooklyn,047,3,026500,"1,476",047026500
Brooklyn,047,3,026600,"1,255",047026600
Brooklyn,047,3,026700,"1,747",047026700
Brooklyn,047,3,026800,"1,472",047026800
Brooklyn,047,3,026900,"1,160",047026900
Brooklyn,047,3,027000,908,047027000
Brooklyn,047,3,027100,930,047027100
Brooklyn,047,3,027200,"1,161",047027200
Brooklyn,047,3,027300,"1,208",047027300
Brooklyn,047,3,027400,"1,041",047027400
Brooklyn,047,3,027500,"1,660",047027500
Brooklyn,047,3,027600,"1,221",047027600
Brooklyn,047,3,027700,"1,495",047027700
Brooklyn,047,3,027800,"1,185",047027800
Brooklyn,047,3,027900,"1,475",047027900
Brooklyn,047,3,028000,658,047028000
Brooklyn,047,3,028100,"1,525",047028100
Brooklyn,047,3,028200,"1,224",047028200
Brooklyn,047,3,028300,"1,421",047028300
Brooklyn,047,3,028400,"1,408",047028400
Brooklyn,047,3,028501,125,047028501
Brooklyn,047,3,028502,"1,092",047028502
Brooklyn,047,3,028600,"2,033",047028600
Brooklyn,047,3,028700,"1,076",047028700
Brooklyn,047,3,028800,"1,175",047028800
Brooklyn,047,3,028900,"1,281",047028900
Brooklyn,047,3,029000,"1,522",047029000
Brooklyn,047,3,029100,"1,228",047029100
Brooklyn,047,3,029200,934,047029200
Brooklyn,047,3,029300,"1,316",047029300
Brooklyn,047,3,029400,600,047029400
Brooklyn,047,3,029500,"1,525",047029500
Brooklyn,047,3,029600,"2,076",047029600
Brooklyn,047,3,029700,"1,423",047029700
Brooklyn,047,3,029800,"1,296",047029800
Brooklyn,047,3,029900,902,047029900
Brooklyn,047,3,030000,"1,375",047030000
Brooklyn,047,3,030100,996,047030100
Brooklyn,047,3,030200,"1,495",047030200
Brooklyn,047,3,030300,"1,605",047030300
Brooklyn,047,3,030400,"1,605",047030400
Brooklyn,047,3,030500,"2,304",047030500
Brooklyn,047,3,030600,683,047030600
Brooklyn,047,3,030700,"1,969",047030700
Brooklyn,047,3,030800,777,047030800
Brooklyn,047,3,030900,607,047030900
Brooklyn,047,3,031100,"1,072",047031100
Brooklyn,047,3,031300,"2,116",047031300
Brooklyn,047,3,031400,"1,958",047031400
Brooklyn,047,3,031500,"2,287",047031500
Brooklyn,047,3,031701,"1,445",047031701
Brooklyn,047,3,031702,"1,366",047031702
Brooklyn,047,3,031900,"1,347",047031900
Brooklyn,047,3,032100,"1,903",047032100
Brooklyn,047,3,032300,"1,421",047032300
Brooklyn,047,3,032500,"2,461",047032500
Brooklyn,047,3,032600,"2,305",047032600
Brooklyn,047,3,032700,"1,249",047032700
Brooklyn,047,3,032800,"1,036",047032800
Brooklyn,047,3,032900,"2,189",047032900
Brooklyn,047,3,033000,"1,712",047033000
Brooklyn,047,3,033100,"1,499",047033100
Brooklyn,047,3,033300,"1,243",047033300
Brooklyn,047,3,033500,830,047033500
Brooklyn,047,3,033600,"1,843",047033600
Brooklyn,047,3,033700,"1,374",047033700
Brooklyn,047,3,033900,"1,792",047033900
Brooklyn,047,3,034000,646,047034000
Brooklyn,047,3,034100,988,047034100
Brooklyn,047,3,034200,"2,830",047034200
Brooklyn,047,3,034300,"1,959",047034300
Brooklyn,047,3,034500,"1,003",047034500
Brooklyn,047,3,034700,"1,379",047034700
Brooklyn,047,3,034800,757,047034800
Brooklyn,047,3,034900,"1,979",047034900
Brooklyn,047,3,035000,"1,554",047035000
Brooklyn,047,3,035100,"1,629",047035100
Brooklyn,047,3,035200,510,047035200
Brooklyn,047,3,035300,"1,862",047035300
Brooklyn,047,3,035400,"3,304",047035400
Brooklyn,047,3,035500,"1,952",047035500
Brooklyn,047,3,035601,"1,528",047035601
Brooklyn,047,3,035602,"2,796",047035602
Brooklyn,047,3,035700,896,047035700
Brooklyn,047,3,035900,"2,040",047035900
Brooklyn,047,3,036001,"1,798",047036001
Brooklyn,047,3,036002,"2,178",047036002
Brooklyn,047,3,036100,"1,050",047036100
Brooklyn,047,3,036200,"1,434",047036200
Brooklyn,047,3,036300,"1,537",047036300
Brooklyn,047,3,036400,889,047036400
Brooklyn,047,3,036501,"1,086",047036501
Brooklyn,047,3,036502,388,047036502
Brooklyn,047,3,036600,"1,485",047036600
Brooklyn,047,3,036700,448,047036700
Brooklyn,047,3,036900,"1,738",047036900
Brooklyn,047,3,037000,"1,566",047037000
Brooklyn,047,3,037100,"1,473",047037100
Brooklyn,047,3,037300,"1,461",047037300
Brooklyn,047,3,037401,"1,918",047037401
Brooklyn,047,3,037402,"2,181",047037402
Brooklyn,047,3,037500,"1,112",047037500
Brooklyn,047,3,037700,"1,472",047037700
Brooklyn,047,3,037900,"1,392",047037900
Brooklyn,047,3,038100,"1,838",047038100
Brooklyn,047,3,038200,"2,015",047038200
Brooklyn,047,3,038300,"1,563",047038300
Brooklyn,047,3,038500,"1,355",047038500
Brooklyn,047,3,038600,"1,164",047038600
Brooklyn,047,3,038700,"1,445",047038700
Brooklyn,047,3,038800,"1,461",047038800
Brooklyn,047,3,038900,"1,029",047038900
Brooklyn,047,3,039000,798,047039000
Brooklyn,047,3,039100,812,047039100
Brooklyn,047,3,039200,"1,029",047039200
Brooklyn,047,3,039300,"1,267",047039300
Brooklyn,047,3,039400,797,047039400
Brooklyn,047,3,039500,"1,219",047039500
Brooklyn,047,3,039600,725,047039600
Brooklyn,047,3,039700,"1,211",047039700
Brooklyn,047,3,039800,877,047039800
Brooklyn,047,3,039900,"1,323",047039900
Brooklyn,047,3,040000,"1,104",047040000
Brooklyn,047,3,040100,"1,130",047040100
Brooklyn,047,3,040200,938,047040200
Brooklyn,047,3,040300,"1,190",047040300
Brooklyn,047,3,040400,856,047040400
Brooklyn,047,3,040500,524,047040500
Brooklyn,047,3,040600,"1,182",047040600
Brooklyn,047,3,040700,4,047040700
Brooklyn,047,3,040800,"1,111",047040800
Brooklyn,047,3,040900,"1,157",047040900
Brooklyn,047,3,041000,730,047041000
Brooklyn,047,3,041100,"1,154",047041100
Brooklyn,047,3,041200,"1,051",047041200
Brooklyn,047,3,041300,"1,247",047041300
Brooklyn,047,3,041401,490,047041401
Brooklyn,047,3,041402,697,047041402
Brooklyn,047,3,041500,"1,263",047041500
Brooklyn,047,3,041600,736,047041600
Brooklyn,047,3,041700,"1,320",047041700
Brooklyn,047,3,041800,866,047041800
Brooklyn,047,3,041900,"1,177",047041900
Brooklyn,047,3,042000,518,047042000
Brooklyn,047,3,042100,"1,249",047042100
Brooklyn,047,3,042200,"1,163",047042200
Brooklyn,047,3,042300,"1,182",047042300
Brooklyn,047,3,042400,"1,353",047042400
Brooklyn,047,3,042500,952,047042500
Brooklyn,047,3,042600,"1,450",047042600
Brooklyn,047,3,042700,"1,545",047042700
Brooklyn,047,3,042800,"1,580",047042800
Brooklyn,047,3,042900,"1,719",047042900
Brooklyn,047,3,043000,"1,321",047043000
Brooklyn,047,3,043100,"1,625",047043100
Brooklyn,047,3,043200,"1,496",047043200
Brooklyn,047,3,043300,"1,258",047043300
Brooklyn,047,3,043400,"1,274",047043400
Brooklyn,047,3,043500,"1,342",047043500
Brooklyn,047,3,043600,"1,578",047043600
Brooklyn,047,3,043700,"1,604",047043700
Brooklyn,047,3,043800,924,047043800
Brooklyn,047,3,043900,"1,192",047043900
Brooklyn,047,3,044000,920,047044000
Brooklyn,047,3,044100,"1,826",047044100
Brooklyn,047,3,044200,879,047044200
Brooklyn,047,3,044300,"1,756",047044300
Brooklyn,047,3,044400,"1,194",047044400
Brooklyn,047,3,044500,"1,484",047044500
Brooklyn,047,3,044600,652,047044600
Brooklyn,047,3,044700,746,047044700
Brooklyn,047,3,044800,773,047044800
Brooklyn,047,3,044900,"1,085",047044900
Brooklyn,047,3,045000,186,047045000
Brooklyn,047,3,045200,923,047045200
Brooklyn,047,3,045300,590,047045300
Brooklyn,047,3,045400,561,047045400
Brooklyn,047,3,045600,860,047045600
Brooklyn,047,3,045800,521,047045800
Brooklyn,047,3,046000,"1,257",047046000
Brooklyn,047,3,046201,"1,065",047046201
Brooklyn,047,3,046202,562,047046202
Brooklyn,047,3,046400,671,047046400
Brooklyn,047,3,046800,495,047046800
Brooklyn,047,3,047000,762,047047000
Brooklyn,047,3,047200,783,047047200
Brooklyn,047,3,047400,810,047047400
Brooklyn,047,3,047600,996,047047600
Brooklyn,047,3,047700,"1,540",047047700
Brooklyn,047,3,047800,"1,197",047047800
Brooklyn,047,3,048000,"1,067",047048000
Brooklyn,047,3,048100,"1,321",047048100
Brooklyn,047,3,048200,"1,982",047048200
Brooklyn,047,3,048400,"1,605",047048400
Brooklyn,047,3,048500,907,047048500
Brooklyn,047,3,048600,908,047048600
Brooklyn,047,3,048800,"1,423",047048800
Brooklyn,047,3,048900,"1,408",047048900
Brooklyn,047,3,049000,"2,197",047049000
Brooklyn,047,3,049100,"2,567",047049100
Brooklyn,047,3,049200,"1,107",047049200
Brooklyn,047,3,049300,"2,978",047049300
Brooklyn,047,3,049400,"1,964",047049400
Brooklyn,047,3,049500,"1,166",047049500
Brooklyn,047,3,049600,"1,413",047049600
Brooklyn,047,3,049700,"1,355",047049700
Brooklyn,047,3,049800,"1,593",047049800
Brooklyn,047,3,049900,827,047049900
Brooklyn,047,3,050000,"1,507",047050000
Brooklyn,047,3,050100,"1,369",047050100
Brooklyn,047,3,050202,"1,046",047050202
Brooklyn,047,3,050300,"1,194",047050300
Brooklyn,047,3,050400,"1,947",047050400
Brooklyn,047,3,050500,"1,729",047050500
Brooklyn,047,3,050600,"1,881",047050600
Brooklyn,047,3,050700,489,047050700
Brooklyn,047,3,050801,"1,344",047050801
Brooklyn,047,3,050803,909,047050803
Brooklyn,047,3,050804,"2,324",047050804
Brooklyn,047,3,050900,661,047050900
Brooklyn,047,3,051001,"1,351",047051001
Brooklyn,047,3,051002,"1,741",047051002
Brooklyn,047,3,051100,"1,646",047051100
Brooklyn,047,3,051200,"2,328",047051200
Brooklyn,047,3,051300,"1,847",047051300
Brooklyn,047,3,051400,"2,610",047051400
Brooklyn,047,3,051500,700,047051500
Brooklyn,047,3,051601,"1,857",047051601
Brooklyn,047,3,051602,"1,324",047051602
Brooklyn,047,3,051700,955,047051700
Brooklyn,047,3,051800,"1,335",047051800
Brooklyn,047,3,051900,"1,750",047051900
Brooklyn,047,3,052000,"1,374",047052000
Brooklyn,047,3,052300,"2,165",047052300
Brooklyn,047,3,052500,"1,216",047052500
Brooklyn,047,3,052600,"1,691",047052600
Brooklyn,047,3,052700,"2,344",047052700
Brooklyn,047,3,052800,641,047052800
Brooklyn,047,3,052900,"1,001",047052900
Brooklyn,047,3,053000,"1,124",047053000
Brooklyn,047,3,053100,"1,397",047053100
Brooklyn,047,3,053200,936,047053200
Brooklyn,047,3,053300,"1,755",047053300
Brooklyn,047,3,053400,"1,303",047053400
Brooklyn,047,3,053500,"1,124",047053500
Brooklyn,047,3,053700,683,047053700
Brooklyn,047,3,053800,"2,002",047053800
Brooklyn,047,3,053900,811,047053900
Brooklyn,047,3,054200,"1,569",047054200
Brooklyn,047,3,054300,179,047054300
Brooklyn,047,3,054400,"1,263",047054400
Brooklyn,047,3,054500,"2,342",047054500
Brooklyn,047,3,054600,"1,901",047054600
Brooklyn,047,3,054700,"1,504",047054700
Brooklyn,047,3,054800,699,047054800
Brooklyn,047,3,054900,"1,145",047054900
Brooklyn,047,3,055000,"1,423",047055000
Brooklyn,047,3,055100,"2,030",047055100
Brooklyn,047,3,055200,"1,441",047055200
Brooklyn,047,3,055300,"1,297",047055300
Brooklyn,047,3,055400,"1,702",047055400
Brooklyn,047,3,055500,905,047055500
Brooklyn,047,3,055600,"1,349",047055600
Brooklyn,047,3,055700,865,047055700
Brooklyn,047,3,055800,916,047055800
Brooklyn,047,3,056000,"1,446",047056000
Brooklyn,047,3,056100,"1,510",047056100
Brooklyn,047,3,056200,509,047056200
Brooklyn,047,3,056300,"2,006",047056300
Brooklyn,047,3,056400,981,047056400
Brooklyn,047,3,056500,"1,591",047056500
Brooklyn,047,3,056600,998,047056600
Brooklyn,047,3,056800,506,047056800
Brooklyn,047,3,056900,778,047056900
Brooklyn,047,3,057000,"1,423",047057000
Brooklyn,047,3,057100,"2,113",047057100
Brooklyn,047,3,057200,"2,190",047057200
Brooklyn,047,3,057300,"1,189",047057300
Brooklyn,047,3,057400,904,047057400
Brooklyn,047,3,057500,"1,970",047057500
Brooklyn,047,3,057600,976,047057600
Brooklyn,047,3,057800,"1,077",047057800
Brooklyn,047,3,057900,467,047057900
Brooklyn,047,3,058000,"1,219",047058000
Brooklyn,047,3,058200,"1,009",047058200
Brooklyn,047,3,058400,"1,460",047058400
Brooklyn,047,3,058600,800,047058600
Brooklyn,047,3,058800,"1,388",047058800
Brooklyn,047,3,058900,813,047058900
Brooklyn,047,3,059000,631,047059000
Brooklyn,047,3,059100,"1,833",047059100
Brooklyn,047,3,059200,"1,622",047059200
Brooklyn,047,3,059300,904,047059300
Brooklyn,047,3,059401,"2,977",047059401
Brooklyn,047,3,059402,"1,928",047059402
Brooklyn,047,3,059600,"1,118",047059600
Brooklyn,047,3,059800,"1,355",047059800
Brooklyn,047,3,060000,"2,649",047060000
Brooklyn,047,3,060600,"1,130",047060600
Brooklyn,047,3,060800,"1,668",047060800
Brooklyn,047,3,061002,"2,142",047061002
Brooklyn,047,3,061003,590,047061003
Brooklyn,047,3,061004,"3,227",047061004
Brooklyn,047,3,061200,410,047061200
Brooklyn,047,3,061600,503,047061600
Brooklyn,047,3,062000,688,047062000
Brooklyn,047,3,062200,"1,460",047062200
Brooklyn,047,3,062600,"1,088",047062600
Brooklyn,047,3,062800,"1,918",047062800
Brooklyn,047,3,063200,678,047063200
Brooklyn,047,3,063600,464,047063600
Brooklyn,047,3,063800,608,047063800
Brooklyn,047,3,064000,524,047064000
Brooklyn,047,3,064200,936,047064200
Brooklyn,047,3,064400,802,047064400
Brooklyn,047,3,064600,670,047064600
Brooklyn,047,3,064800,619,047064800
Brooklyn,047,3,065000,490,047065000
Brooklyn,047,3,065200,442,047065200
Brooklyn,047,3,065400,561,047065400
Brooklyn,047,3,065600,610,047065600
Brooklyn,047,3,065800,696,047065800
Brooklyn,047,3,066000,662,047066000
Brooklyn,047,3,066200,541,047066200
Brooklyn,047,3,066600,0,047066600
Brooklyn,047,3,067000,972,047067000
Brooklyn,047,3,067200,432,047067200
Brooklyn,047,3,067400,596,047067400
Brooklyn,047,3,067600,561,047067600
Brooklyn,047,3,067800,910,047067800
Brooklyn,047,3,068000,554,047068000
Brooklyn,047,3,068200,807,047068200
Brooklyn,047,3,068600,668,047068600
Brooklyn,047,3,068800,583,047068800
Brooklyn,047,3,069000,597,047069000
Brooklyn,047,3,069200,796,047069200
Brooklyn,047,3,069601,"1,488",047069601
Brooklyn,047,3,069602,"2,167",047069602
Brooklyn,047,3,069800,481,047069800
Brooklyn,047,3,070000,660,047070000
Brooklyn,047,3,070201,"2,427",047070201
Brooklyn,047,3,070202,13,047070202
Brooklyn,047,3,070203,0,047070203
Brooklyn,047,3,070600,"1,023",047070600
Brooklyn,047,3,072000,656,047072000
Brooklyn,047,3,072200,933,047072200
Brooklyn,047,3,072400,636,047072400
Brooklyn,047,3,072600,676,047072600
Brooklyn,047,3,072800,"1,324",047072800
Brooklyn,047,3,073000,651,047073000
Brooklyn,047,3,073200,711,047073200
Brooklyn,047,3,073400,555,047073400
Brooklyn,047,3,073600,"1,163",047073600
Brooklyn,047,3,073800,"1,069",047073800
Brooklyn,047,3,074000,"1,057",047074000
Brooklyn,047,3,074200,939,047074200
Brooklyn,047,3,074400,610,047074400
Brooklyn,047,3,074600,611,047074600
Brooklyn,047,3,074800,653,047074800
Brooklyn,047,3,075000,924,047075000
Brooklyn,047,3,075200,317,047075200
Brooklyn,047,3,075400,422,047075400
Brooklyn,047,3,075600,655,047075600
Brooklyn,047,3,075800,651,047075800
Brooklyn,047,3,076000,"1,064",047076000
Brooklyn,047,3,076200,"1,575",047076200
Brooklyn,047,3,076400,"1,257",047076400
Brooklyn,047,3,076600,704,047076600
Brooklyn,047,3,076800,"1,141",047076800
Brooklyn,047,3,077000,997,047077000
Brooklyn,047,3,077200,"1,164",047077200
Brooklyn,047,3,077400,"1,077",047077400
Brooklyn,047,3,077600,"1,589",047077600
Brooklyn,047,3,078000,625,047078000
Brooklyn,047,3,078200,"1,433",047078200
Brooklyn,047,3,078400,756,047078400
Brooklyn,047,3,078600,"1,689",047078600
Brooklyn,047,3,078800,"1,154",047078800
Brooklyn,047,3,079000,"1,839",047079000
Brooklyn,047,3,079200,"1,429",047079200
Brooklyn,047,3,079400,629,047079400
Brooklyn,047,3,079601,"1,797",047079601
Brooklyn,047,3,079602,"1,811",047079602
Brooklyn,047,3,079801,"1,308",047079801
Brooklyn,047,3,079802,"2,330",047079802
Brooklyn,047,3,080000,"1,325",047080000
Brooklyn,047,3,080200,"1,658",047080200
Brooklyn,047,3,080400,"1,251",047080400
Brooklyn,047,3,080600,"1,121",047080600
Brooklyn,047,3,080800,166,047080800
Brooklyn,047,3,081000,912,047081000
Brooklyn,047,3,081400,933,047081400
Brooklyn,047,3,081600,925,047081600
Brooklyn,047,3,081800,"1,693",047081800
Brooklyn,047,3,082000,"1,906",047082000
Brooklyn,047,3,082200,"2,738",047082200
Brooklyn,047,3,082400,"1,640",047082400
Brooklyn,047,3,082600,"1,929",047082600
Brooklyn,047,3,082800,"1,329",047082800
Brooklyn,047,3,083000,"2,126",047083000
Brooklyn,047,3,083200,719,047083200
Brooklyn,047,3,083400,544,047083400
Brooklyn,047,3,083600,686,047083600
Brooklyn,047,3,083800,703,047083800
Brooklyn,047,3,084000,757,047084000
Brooklyn,047,3,084600,668,047084600
Brooklyn,047,3,084800,534,047084800
Brooklyn,047,3,085000,431,047085000
Brooklyn,047,3,085200,9,047085200
Brooklyn,047,3,085400,668,047085400
Brooklyn,047,3,085600,"1,362",047085600
Brooklyn,047,3,085800,812,047085800
Brooklyn,047,3,086000,"1,192",047086000
Brooklyn,047,3,086200,"1,071",047086200
Brooklyn,047,3,086400,723,047086400
Brooklyn,047,3,086600,"1,189",047086600
Brooklyn,047,3,086800,"1,134",047086800
Brooklyn,047,3,087000,"1,154",047087000
Brooklyn,047,3,087200,"1,031",047087200
Brooklyn,047,3,087401,"1,346",047087401
Brooklyn,047,3,087600,594,047087600
Brooklyn,047,3,087800,960,047087800
Brooklyn,047,3,088000,"1,118",047088000
Brooklyn,047,3,088200,"2,529",047088200
Brooklyn,047,3,088400,"1,951",047088400
Brooklyn,047,3,088600,"1,745",047088600
Brooklyn,047,3,088800,"1,450",047088800
Brooklyn,047,3,089000,"2,250",047089000
Brooklyn,047,3,089200,"1,449",047089200
Brooklyn,047,3,089400,"1,142",047089400
Brooklyn,047,3,089600,"1,357",047089600
Brooklyn,047,3,089800,677,047089800
Brooklyn,047,3,090000,"1,900",047090000
Brooklyn,047,3,090200,943,047090200
Brooklyn,047,3,090600,"1,551",047090600
Brooklyn,047,3,090800,"1,256",047090800
Brooklyn,047,3,091000,"2,240",047091000
Brooklyn,047,3,091200,"2,315",047091200
Brooklyn,047,3,091600,"1,470",047091600
Brooklyn,047,3,091800,990,047091800
Brooklyn,047,3,092000,"1,040",047092000
Brooklyn,047,3,092200,"1,191",047092200
Brooklyn,047,3,092400,839,047092400
Brooklyn,047,3,092800,"1,028",047092800
Brooklyn,047,3,093000,960,047093000
Brooklyn,47,3,93200,400,47093200
Brooklyn,47,3,93400,948,47093400
Brooklyn,47,3,93600,581,47093600
Brooklyn,47,3,93800,867,47093800
Brooklyn,47,3,94401,"1,145",47094401
Brooklyn,47,3,94402,"1,180",47094402
Brooklyn,47,3,94600,679,47094600
Brooklyn,47,3,95000,947,47095000
Brooklyn,47,3,95400,"1,506",47095400
Brooklyn,47,3,95600,"1,288",47095600
Brooklyn,47,3,95800,"1,130",47095800
Brooklyn,47,3,96000,0,47096000
Brooklyn,47,3,96200,531,47096200
Brooklyn,47,3,96400,771,47096400
Brooklyn,47,3,96600,711,47096600
Brooklyn,47,3,96800,428,47096800
Brooklyn,47,3,97000,730,47097000
Brooklyn,47,3,97400,712,47097400
Brooklyn,47,3,98200,"1,589",47098200
Brooklyn,47,3,98400,653,47098400
Brooklyn,47,3,98600,986,47098600
Brooklyn,47,3,98800,"1,038",47098800
Brooklyn,47,3,99000,454,47099000
Brooklyn,47,3,99200,607,47099200
Brooklyn,47,3,99400,613,47099400
Brooklyn,47,3,99600,"1,127",47099600
Brooklyn,47,3,99800,"1,296",47099800
Brooklyn,47,3,100400,936,47100400
Brooklyn,47,3,100600,842,47100600
Brooklyn,47,3,100800,670,47100800
Brooklyn,47,3,101000,738,47101000
Brooklyn,47,3,101200,699,47101200
Brooklyn,47,3,101400,790,47101400
Brooklyn,47,3,101600,473,47101600
Brooklyn,47,3,101800,766,47101800
Brooklyn,47,3,102000,611,47102000
Brooklyn,47,3,102200,731,47102200
Brooklyn,47,3,102400,640,47102400
Brooklyn,47,3,102600,892,47102600
Brooklyn,47,3,102800,502,47102800
Brooklyn,47,3,103400,"1,570",47103400
Brooklyn,47,3,105801,"3,223",47105801
Brooklyn,47,3,105804,"3,035",47105804
Brooklyn,47,3,107000,129,47107000
Brooklyn,47,3,107800,"1,700",47107800
Brooklyn,47,3,109800,552,47109800
Brooklyn,47,3,110400,"1,641",47110400
Brooklyn,47,3,110600,"1,549",47110600
Brooklyn,47,3,111000,"1,391",47111000
Brooklyn,47,3,111600,"1,000",47111600
Brooklyn,47,3,111800,995,47111800
Brooklyn,47,3,112000,"1,088",47112000
Brooklyn,47,3,112200,"1,076",47112200
Brooklyn,47,3,112400,"1,081",47112400
Brooklyn,47,3,112600,"1,288",47112600
Brooklyn,47,3,112800,"1,386",47112800
Brooklyn,47,3,113000,"1,349",47113000
Brooklyn,47,3,113200,632,47113200
Brooklyn,47,3,113400,756,47113400
Brooklyn,47,3,114201,507,47114201
Brooklyn,47,3,114202,895,47114202
Brooklyn,47,3,114400,717,47114400
Brooklyn,47,3,114600,868,47114600
Brooklyn,47,3,115000,768,47115000
Brooklyn,47,3,115200,942,47115200
Brooklyn,47,3,115600,"1,505",47115600
Brooklyn,47,3,115800,956,47115800
Brooklyn,47,3,116000,821,47116000
Brooklyn,47,3,116200,729,47116200
Brooklyn,47,3,116400,919,47116400
Brooklyn,47,3,116600,859,47116600
Brooklyn,47,3,116800,607,47116800
Brooklyn,47,3,117000,520,47117000
Brooklyn,47,3,117201,754,47117201
Brooklyn,47,3,117202,"1,166",47117202
Brooklyn,47,3,117400,"1,166",47117400
Brooklyn,47,3,117601,822,47117601
Brooklyn,47,3,117602,981,47117602
Brooklyn,47,3,117800,479,47117800
Brooklyn,47,3,118000,2,47118000
Brooklyn,47,3,118201,842,47118201
Brooklyn,47,3,118202,895,47118202
Brooklyn,47,3,118400,"1,493",47118400
Brooklyn,47,3,118600,797,47118600
Brooklyn,47,3,118800,"1,247",47118800
Brooklyn,47,3,119000,600,47119000
Brooklyn,47,3,119200,961,47119200
Brooklyn,47,3,119400,"1,280",47119400
Brooklyn,47,3,119600,"1,694",47119600
Brooklyn,47,3,119800,992,47119800
Brooklyn,47,3,120000,616,47120000
Brooklyn,47,3,120200,501,47120200
Brooklyn,47,3,120800,"3,057",47120800
Brooklyn,47,3,121000,"1,437",47121000
Brooklyn,47,3,121400,"1,490",47121400
Brooklyn,47,3,122000,"1,988",47122000
Brooklyn,47,3,123700,"1,258",47123700
Brooklyn,47,3,150200,"1,037",47150200
Brooklyn,47,3,152200,"1,067",47152200
Brooklyn,47,3,990100,0,47990100
Manhattan,61,1,100,1,61000100
Manhattan,61,1,201,"1,015",61000201
Manhattan,61,1,202,"3,372",61000202
Manhattan,61,1,500,0,61000500
Manhattan,61,1,600,"4,036",61000600
Manhattan,61,1,700,"4,837",61000700
Manhattan,61,1,800,"3,583",61000800
Manhattan,61,1,900,386,61000900
Manhattan,61,1,1001,727,61001001
Manhattan,61,1,1002,"2,379",61001002
Manhattan,61,1,1200,"1,636",61001200
Manhattan,61,1,1300,"2,733",61001300
Manhattan,61,1,1401,"1,537",61001401
Manhattan,61,1,1402,"1,375",61001402
Manhattan,61,1,1501,"2,847",61001501
Manhattan,61,1,1502,"3,352",61001502
Manhattan,61,1,1600,"3,168",61001600
Manhattan,61,1,1800,"3,199",61001800
Manhattan,61,1,2000,"1,850",61002000
Manhattan,61,1,2100,"2,714",61002100
Manhattan,61,1,2201,"2,641",61002201
Manhattan,61,1,2202,"1,108",61002202
Manhattan,61,1,2400,"2,093",61002400
Manhattan,61,1,2500,"1,883",61002500
Manhattan,61,1,2601,"1,486",61002601
Manhattan,61,1,2602,"2,044",61002602
Manhattan,61,1,2700,612,61002700
Manhattan,61,1,2800,"3,279",61002800
Manhattan,61,1,2900,"2,103",61002900
Manhattan,61,1,3001,"2,462",61003001
Manhattan,61,1,3002,"1,809",61003002
Manhattan,61,1,3100,726,61003100
Manhattan,61,1,3200,"4,629",61003200
Manhattan,61,1,3300,"2,477",61003300
Manhattan,61,1,3400,"3,906",61003400
Manhattan,61,1,3601,"1,484",61003601
Manhattan,61,1,3602,"1,482",61003602
Manhattan,61,1,3700,"1,442",61003700
Manhattan,61,1,3800,"5,386",61003800
Manhattan,61,1,3900,"2,829",61003900
Manhattan,61,1,4000,"4,252",61004000
Manhattan,61,1,4100,"3,485",61004100
Manhattan,61,1,4200,"1,652",61004200
Manhattan,61,1,4300,"2,387",61004300
Manhattan,61,1,4400,"8,289",61004400
Manhattan,61,1,4500,516,61004500
Manhattan,61,1,4700,"1,441",61004700
Manhattan,61,1,4800,"3,691",61004800
Manhattan,61,1,4900,"2,906",61004900
Manhattan,61,1,5000,"3,270",61005000
Manhattan,61,1,5200,"1,465",61005200
Manhattan,61,1,5400,"2,592",61005400
Manhattan,61,1,5501,"2,082",61005501
Manhattan,61,1,5502,"1,195",61005502
Manhattan,61,1,5600,"1,987",61005600
Manhattan,61,1,5700,"1,571",61005700
Manhattan,61,1,5800,"2,187",61005800
Manhattan,61,1,5900,"2,867",61005900
Manhattan,61,1,6000,"2,323",61006000
Manhattan,61,1,6100,"2,387",61006100
Manhattan,61,1,6200,"1,327",61006200
Manhattan,61,1,6300,"3,881",61006300
Manhattan,61,1,6400,"4,873",61006400
Manhattan,61,1,6500,"3,397",61006500
Manhattan,61,1,6600,"6,489",61006600
Manhattan,61,1,6700,"3,570",61006700
Manhattan,61,1,6800,"4,021",61006800
Manhattan,61,1,6900,"1,307",61006900
Manhattan,61,1,7000,"5,395",61007000
Manhattan,61,1,7100,"3,259",61007100
Manhattan,61,1,7200,"4,992",61007200
Manhattan,61,1,7300,"4,181",61007300
Manhattan,61,1,7400,"2,455",61007400
Manhattan,61,1,7500,"2,415",61007500
Manhattan,61,1,7600,"1,433",61007600
Manhattan,61,1,7700,"3,842",61007700
Manhattan,61,1,7800,"5,076",61007800
Manhattan,61,1,7900,"2,628",61007900
Manhattan,61,1,8000,"3,365",61008000
Manhattan,61,1,8100,"4,992",61008100
Manhattan,61,1,8200,"2,112",61008200
Manhattan,61,1,8300,"2,159",61008300
Manhattan,61,1,8400,922,61008400
Manhattan,61,1,8601,"1,425",61008601
Manhattan,61,1,8602,0,61008602
Manhattan,61,1,8603,"2,799",61008603
Manhattan,61,1,8700,"3,982",61008700
Manhattan,61,1,8800,"4,882",61008800
Manhattan,61,1,8900,"3,181",61008900
Manhattan,61,1,9000,"4,809",61009000
Manhattan,61,1,9100,"3,943",61009100
Manhattan,61,1,9200,"1,199",61009200
Manhattan,61,1,9300,"5,215",61009300
Manhattan,61,1,9400,40,61009400
Manhattan,61,1,9500,"1,057",61009500
Manhattan,61,1,9600,105,61009600
Manhattan,61,1,9700,"2,662",61009700
Manhattan,61,1,9800,"4,615",61009800
Manhattan,61,1,9900,"1,091",61009900
Manhattan,61,1,10000,"1,191",61010000
Manhattan,61,1,10100,495,61010100
Manhattan,61,1,10200,117,61010200
Manhattan,61,1,10300,"1,328",61010300
Manhattan,61,1,10400,627,61010400
Manhattan,61,1,10601,"4,398",61010601
Manhattan,61,1,10602,"2,546",61010602
Manhattan,61,1,10800,"5,357",61010800
Manhattan,61,1,10900,113,61010900
Manhattan,61,1,11000,"4,433",61011000
Manhattan,61,1,11100,"2,047",61011100
Manhattan,61,1,11201,629,61011201
Manhattan,61,1,11202,245,61011202
Manhattan,61,1,11203,880,61011203
Manhattan,61,1,11300,84,61011300
Manhattan,61,1,11401,793,61011401
Manhattan,61,1,11402,"1,422",61011402
Manhattan,61,1,11500,"1,189",61011500
Manhattan,61,1,11600,"2,180",61011600
Manhattan,61,1,11700,"2,056",61011700
Manhattan,61,1,11800,"5,111",61011800
Manhattan,61,1,11900,"1,028",61011900
Manhattan,61,1,12000,"2,068",61012000
Manhattan,61,1,12100,"5,439",61012100
Manhattan,61,1,12200,"2,024",61012200
Manhattan,61,1,12400,"5,541",61012400
Manhattan,61,1,12500,"1,737",61012500
Manhattan,61,1,12600,"7,757",61012600
Manhattan,61,1,12700,"4,012",61012700
Manhattan,61,1,12800,"3,080",61012800
Manhattan,61,1,12900,"3,354",61012900
Manhattan,61,1,13000,"2,083",61013000
Manhattan,61,1,13100,"1,824",61013100
Manhattan,61,1,13200,"6,481",61013200
Manhattan,61,1,13300,"3,502",61013300
Manhattan,61,1,13400,"6,762",61013400
Manhattan,61,1,13500,"3,508",61013500
Manhattan,61,1,13600,"8,771",61013600
Manhattan,61,1,13700,"4,029",61013700
Manhattan,61,1,13800,"7,334",61013800
Manhattan,61,1,13900,"6,211",61013900
Manhattan,61,1,14000,"3,863",61014000
Manhattan,61,1,14200,"2,158",61014200
Manhattan,61,1,14300,0,61014300
Manhattan,61,1,14401,"2,633",61014401
Manhattan,61,1,14402,"3,866",61014402
Manhattan,61,1,14500,"2,716",61014500
Manhattan,61,1,14601,"2,600",61014601
Manhattan,61,1,14602,"4,790",61014602
Manhattan,61,1,14700,"1,516",61014700
Manhattan,61,1,14801,"1,446",61014801
Manhattan,61,1,14802,"3,568",61014802
Manhattan,61,1,14900,"3,205",61014900
Manhattan,61,1,15001,"1,067",61015001
Manhattan,61,1,15002,"2,480",61015002
Manhattan,61,1,15100,"4,202",61015100
Manhattan,61,1,15200,"3,727",61015200
Manhattan,61,1,15300,"5,310",61015300
Manhattan,61,1,15400,"7,818",61015400
Manhattan,61,1,15500,"5,512",61015500
Manhattan,61,1,15601,"2,997",61015601
Manhattan,61,1,15602,"1,010",61015602
Manhattan,61,1,15700,"6,246",61015700
Manhattan,61,1,15801,"2,660",61015801
Manhattan,61,1,15802,"1,594",61015802
Manhattan,61,1,15900,"5,509",61015900
Manhattan,61,1,16001,"1,633",61016001
Manhattan,61,1,16002,"1,183",61016002
Manhattan,61,1,16100,"3,803",61016100
Manhattan,61,1,16200,"3,976",61016200
Manhattan,61,1,16300,"3,831",61016300
Manhattan,61,1,16400,"2,363",61016400
Manhattan,61,1,16500,"3,414",61016500
Manhattan,61,1,16600,"2,997",61016600
Manhattan,61,1,16700,"3,351",61016700
Manhattan,61,1,16800,"1,623",61016800
Manhattan,61,1,16900,"4,358",61016900
Manhattan,61,1,17000,"3,257",61017000
Manhattan,61,1,17100,"4,547",61017100
Manhattan,61,1,17200,"2,164",61017200
Manhattan,61,1,17300,"4,793",61017300
Manhattan,61,1,17401,"2,051",61017401
Manhattan,61,1,17402,850,61017402
Manhattan,61,1,17500,"5,202",61017500
Manhattan,61,1,17700,"4,736",61017700
Manhattan,61,1,17800,"1,639",61017800
Manhattan,61,1,17900,"4,876",61017900
Manhattan,61,1,18000,"2,788",61018000
Manhattan,61,1,18100,"4,499",61018100
Manhattan,61,1,18200,"2,490",61018200
Manhattan,61,1,18300,"4,648",61018300
Manhattan,61,1,18400,"3,046",61018400
Manhattan,61,1,18500,"2,590",61018500
Manhattan,61,1,18600,"2,032",61018600
Manhattan,61,1,18700,"4,278",61018700
Manhattan,61,1,18800,"2,282",61018800
Manhattan,61,1,18900,"4,919",61018900
Manhattan,61,1,19000,"1,440",61019000
Manhattan,61,1,19100,"4,427",61019100
Manhattan,61,1,19200,"1,289",61019200
Manhattan,61,1,19300,"4,075",61019300
Manhattan,61,1,19400,"2,408",61019400
Manhattan,61,1,19500,"3,683",61019500
Manhattan,61,1,19600,"1,545",61019600
Manhattan,61,1,19701,306,61019701
Manhattan,61,1,19702,"1,034",61019702
Manhattan,61,1,19800,980,61019800
Manhattan,61,1,19900,"3,676",61019900
Manhattan,61,1,20000,"1,283",61020000
Manhattan,61,1,20101,300,61020101
Manhattan,61,1,20102,"1,626",61020102
Manhattan,61,1,20300,721,61020300
Manhattan,61,1,20500,"1,229",61020500
Manhattan,61,1,20600,"1,305",61020600
Manhattan,61,1,20701,"1,323",61020701
Manhattan,61,1,20800,"2,087",61020800
Manhattan,61,1,20901,"1,457",61020901
Manhattan,61,1,21000,"3,042",61021000
Manhattan,61,1,21100,"4,466",61021100
Manhattan,61,1,21200,"2,480",61021200
Manhattan,61,1,21303,"2,217",61021303
Manhattan,61,1,21400,"1,865",61021400
Manhattan,61,1,21500,"1,220",61021500
Manhattan,61,1,21600,"3,071",61021600
Manhattan,61,1,21703,4,61021703
Manhattan,61,1,21800,"2,729",61021800
Manhattan,61,1,21900,"2,039",61021900
Manhattan,61,1,22000,"2,323",61022000
Manhattan,61,1,22102,"1,145",61022102
Manhattan,61,1,22200,"1,111",61022200
Manhattan,61,1,22301,"2,305",61022301
Manhattan,61,1,22302,"1,426",61022302
Manhattan,61,1,22400,"2,553",61022400
Manhattan,61,1,22500,"3,518",61022500
Manhattan,61,1,22600,"1,749",61022600
Manhattan,61,1,22700,"2,150",61022700
Manhattan,61,1,22800,"2,315",61022800
Manhattan,61,1,22900,"2,865",61022900
Manhattan,61,1,23000,"3,343",61023000
Manhattan,61,1,23100,"2,615",61023100
Manhattan,61,1,23200,"2,959",61023200
Manhattan,61,1,23300,"2,345",61023300
Manhattan,61,1,23400,"1,902",61023400
Manhattan,61,1,23501,"2,335",61023501
Manhattan,61,1,23502,795,61023502
Manhattan,61,1,23600,"2,954",61023600
Manhattan,61,1,23700,"2,559",61023700
Manhattan,61,1,23801,"4,021",61023801
Manhattan,61,1,23802,480,61023802
Manhattan,61,1,23900,"1,007",61023900
Manhattan,61,1,24000,0,61024000
Manhattan,61,1,24100,"3,242",61024100
Manhattan,61,1,24200,"1,227",61024200
Manhattan,61,1,24301,"1,410",61024301
Manhattan,61,1,24302,"2,581",61024302
Manhattan,61,1,24500,"4,713",61024500
Manhattan,61,1,24700,"2,480",61024700
Manhattan,61,1,24900,377,61024900
Manhattan,61,1,25100,784,61025100
Manhattan,61,1,25300,"3,763",61025300
Manhattan,61,1,25500,"2,240",61025500
Manhattan,61,1,25700,"1,604",61025700
Manhattan,61,1,25900,"1,469",61025900
Manhattan,61,1,26100,"3,606",61026100
Manhattan,61,1,26300,"2,799",61026300
Manhattan,61,1,26500,"2,676",61026500
Manhattan,61,1,26700,628,61026700
Manhattan,61,1,26900,"2,581",61026900
Manhattan,61,1,27100,"2,904",61027100
Manhattan,61,1,27300,"3,133",61027300
Manhattan,61,1,27500,"1,466",61027500
Manhattan,61,1,27700,"2,067",61027700
Manhattan,61,1,27900,"3,819",61027900
Manhattan,61,1,28100,"1,319",61028100
Manhattan,61,1,28300,"3,083",61028300
Manhattan,61,1,28500,"2,658",61028500
Manhattan,61,1,28700,"1,655",61028700
Manhattan,61,1,29100,"3,745",61029100
Manhattan,61,1,29300,"2,930",61029300
Manhattan,61,1,29500,"3,151",61029500
Manhattan,61,1,29700,0,61029700
Manhattan,61,1,29900,"1,478",61029900
Manhattan,61,1,30300,"1,706",61030300
Manhattan,61,1,30700,"1,761",61030700
Manhattan,61,1,30900,"3,358",61030900
Manhattan,61,1,31100,1,61031100
Manhattan,61,1,31703,"3,772",61031703
Manhattan,61,1,31704,"2,790",61031704
Manhattan,61,1,31900,1,61031900
Queens,81,4,100,"2,626",81000100
Queens,81,4,200,876,81000200
Queens,81,4,400,"1,226",81000400
Queens,81,4,600,"1,074",81000600
Queens,81,4,700,"2,379",81000700
Queens,81,4,800,946,81000800
Queens,81,4,1000,963,81001000
Queens,81,4,1200,"1,255",81001200
Queens,81,4,1400,"1,121",81001400
Queens,81,4,1600,788,81001600
Queens,81,4,1800,852,81001800
Queens,81,4,1900,548,81001900
Queens,81,4,2000,483,81002000
Queens,81,4,2200,720,81002200
Queens,81,4,2400,637,81002400
Queens,81,4,2500,"3,085",81002500
Queens,81,4,2600,599,81002600
Queens,81,4,2800,910,81002800
Queens,81,4,3000,410,81003000
Queens,81,4,3100,482,81003100
Queens,81,4,3200,470,81003200
Queens,81,4,3300,882,81003300
Queens,81,4,3400,617,81003400
Queens,81,4,3600,960,81003600
Queens,81,4,3700,0,81003700
Queens,81,4,3800,726,81003800
Queens,81,4,3900,435,81003900
Queens,81,4,4001,677,81004001
Queens,81,4,4002,396,81004002
Queens,81,4,4200,"1,156",81004200
Queens,81,4,4300,"1,037",81004300
Queens,81,4,4401,957,81004401
Queens,81,4,4500,"1,479",81004500
Queens,81,4,4700,"1,823",81004700
Queens,81,4,5000,7,81005000
Queens,81,4,5100,732,81005100
Queens,81,4,5200,780,81005200
Queens,81,4,5300,"2,405",81005300
Queens,81,4,5400,"1,618",81005400
Queens,81,4,5500,373,81005500
Queens,81,4,5700,"1,774",81005700
Queens,81,4,5800,"1,932",81005800
Queens,81,4,5900,"1,872",81005900
Queens,81,4,6100,"2,674",81006100
Queens,81,4,6201,"2,802",81006201
Queens,81,4,6202,"2,462",81006202
Queens,81,4,6300,"2,767",81006300
Queens,81,4,6501,"1,871",81006501
Queens,81,4,6502,"1,743",81006502
Queens,81,4,6900,"1,902",81006900
Queens,81,4,7100,"1,810",81007100
Queens,81,4,7300,"2,130",81007300
Queens,81,4,7500,"2,175",81007500
Queens,81,4,7700,586,81007700
Queens,81,4,7900,"1,219",81007900
Queens,81,4,8100,364,81008100
Queens,81,4,8300,"1,040",81008300
Queens,81,4,8500,397,81008500
Queens,81,4,8600,899,81008600
Queens,81,4,8700,"1,530",81008700
Queens,81,4,8800,"1,134",81008800
Queens,81,4,9100,"1,247",81009100
Queens,81,4,9400,862,81009400
Queens,81,4,9500,966,81009500
Queens,81,4,9600,882,81009600
Queens,81,4,9700,"1,598",81009700
Queens,81,4,9800,768,81009800
Queens,81,4,9900,0,81009900
Queens,81,4,10000,989,81010000
Queens,81,4,10100,"1,088",81010100
Queens,81,4,10200,742,81010200
Queens,81,4,10300,"1,872",81010300
Queens,81,4,10400,878,81010400
Queens,81,4,10500,"1,670",81010500
Queens,81,4,10600,913,81010600
Queens,81,4,10701,0,81010701
Queens,81,4,10800,804,81010800
Queens,81,4,11000,834,81011000
Queens,81,4,11100,"1,261",81011100
Queens,81,4,11200,707,81011200
Queens,81,4,11300,"1,860",81011300
Queens,81,4,11400,383,81011400
Queens,81,4,11500,"1,085",81011500
Queens,81,4,11600,579,81011600
Queens,81,4,11700,"1,736",81011700
Queens,81,4,11800,684,81011800
Queens,81,4,11900,783,81011900
Queens,81,4,12000,650,81012000
Queens,81,4,12100,927,81012100
Queens,81,4,12200,878,81012200
Queens,81,4,12301,"1,227",81012301
Queens,81,4,12400,825,81012400
Queens,81,4,12500,697,81012500
Queens,81,4,12601,709,81012601
Queens,81,4,12602,740,81012602
Queens,81,4,12800,689,81012800
Queens,81,4,13000,530,81013000
Queens,81,4,13200,615,81013200
Queens,81,4,13400,"2,682",81013400
Queens,81,4,13500,596,81013500
Queens,81,4,13600,866,81013600
Queens,81,4,13700,739,81013700
Queens,81,4,13800,"1,386",81013800
Queens,81,4,14000,"1,366",81014000
Queens,81,4,14100,705,81014100
Queens,81,4,14201,"1,155",81014201
Queens,81,4,14202,638,81014202
Queens,81,4,14300,"1,704",81014300
Queens,81,4,14400,588,81014400
Queens,81,4,14500,951,81014500
Queens,81,4,14700,"1,376",81014700
Queens,81,4,14800,573,81014800
Queens,81,4,14900,"1,023",81014900
Queens,81,4,15000,610,81015000
Queens,81,4,15100,"1,174",81015100
Queens,81,4,15200,739,81015200
Queens,81,4,15300,938,81015300
Queens,81,4,15400,652,81015400
Queens,81,4,15500,931,81015500
Queens,81,4,15600,866,81015600
Queens,81,4,15700,661,81015700
Queens,81,4,15801,"1,012",81015801
Queens,81,4,15802,"1,204",81015802
Queens,81,4,15900,"1,916",81015900
Queens,81,4,16100,783,81016100
Queens,81,4,16300,"1,692",81016300
Queens,81,4,16400,860,81016400
Queens,81,4,16600,983,81016600
Queens,81,4,16800,769,81016800
Queens,81,4,16900,"2,383",81016900
Queens,81,4,17000,738,81017000
Queens,81,4,17100,2,81017100
Queens,81,4,17200,595,81017200
Queens,81,4,17400,665,81017400
Queens,81,4,17600,619,81017600
Queens,81,4,17800,569,81017800
Queens,81,4,17900,422,81017900
Queens,81,4,18000,328,81018000
Queens,81,4,18101,"1,675",81018101
Queens,81,4,18102,"1,938",81018102
Queens,81,4,18200,654,81018200
Queens,81,4,18300,"2,653",81018300
Queens,81,4,18401,616,81018401
Queens,81,4,18402,614,81018402
Queens,81,4,18501,"1,608",81018501
Queens,81,4,18502,"1,516",81018502
Queens,81,4,18600,476,81018600
Queens,81,4,18700,"1,097",81018700
Queens,81,4,18800,374,81018800
Queens,81,4,18900,"1,334",81018900
Queens,81,4,19000,592,81019000
Queens,81,4,19200,603,81019200
Queens,81,4,19400,785,81019400
Queens,81,4,19600,764,81019600
Queens,81,4,19800,814,81019800
Queens,81,4,19900,212,81019900
Queens,81,4,20200,383,81020200
Queens,81,4,20400,603,81020400
Queens,81,4,20500,365,81020500
Queens,81,4,20600,482,81020600
Queens,81,4,20800,702,81020800
Queens,81,4,21200,704,81021200
Queens,81,4,21400,"2,090",81021400
Queens,81,4,21600,"1,845",81021600
Queens,81,4,21900,3,81021900
Queens,81,4,22001,"2,709",81022001
Queens,81,4,22002,"2,465",81022002
Queens,81,4,22900,8,81022900
Queens,81,4,23000,543,81023000
Queens,81,4,23200,"1,610",81023200
Queens,81,4,23500,"2,541",81023500
Queens,81,4,23600,708,81023600
Queens,81,4,23800,"1,408",81023800
Queens,81,4,24000,"1,599",81024000
Queens,81,4,24300,"1,775",81024300
Queens,81,4,24500,"2,057",81024500
Queens,81,4,24600,0,81024600
Queens,81,4,24700,493,81024700
Queens,81,4,24900,"2,099",81024900
Queens,81,4,25100,"2,313",81025100
Queens,81,4,25301,"1,948",81025301
Queens,81,4,25302,"1,107",81025302
Queens,81,4,25400,"2,786",81025400
Queens,81,4,25500,533,81025500
Queens,81,4,25700,544,81025700
Queens,81,4,25800,531,81025800
Queens,81,4,25900,"1,142",81025900
Queens,81,4,26000,688,81026000
Queens,81,4,26100,"2,199",81026100
Queens,81,4,26200,381,81026200
Queens,81,4,26300,"1,981",81026300
Queens,81,4,26400,728,81026400
Queens,81,4,26500,"1,394",81026500
Queens,81,4,26600,792,81026600
Queens,81,4,26700,"1,963",81026700
Queens,81,4,26901,"1,569",81026901
Queens,81,4,26902,"1,415",81026902
Queens,81,4,27000,471,81027000
Queens,81,4,27100,"2,607",81027100
Queens,81,4,27200,527,81027200
Queens,81,4,27300,"2,332",81027300
Queens,81,4,27400,540,81027400
Queens,81,4,27500,"2,068",81027500
Queens,81,4,27600,352,81027600
Queens,81,4,27700,"2,759",81027700
Queens,81,4,27800,796,81027800
Queens,81,4,27900,"2,306",81027900
Queens,81,4,28000,496,81028000
Queens,81,4,28100,"2,309",81028100
Queens,81,4,28200,469,81028200
Queens,81,4,28300,"2,977",81028300
Queens,81,4,28400,"1,038",81028400
Queens,81,4,28500,"2,124",81028500
Queens,81,4,28700,"2,711",81028700
Queens,81,4,28800,"1,251",81028800
Queens,81,4,28900,"2,068",81028900
Queens,81,4,29100,"2,367",81029100
Queens,81,4,29300,381,81029300
Queens,81,4,29400,"2,218",81029400
Queens,81,4,29500,"1,618",81029500
Queens,81,4,29700,682,81029700
Queens,81,4,29900,0,81029900
Queens,81,4,30600,"1,260",81030600
Queens,81,4,30902,"2,633",81030902
Queens,81,4,30903,"1,968",81030903
Queens,81,4,30904,"1,237",81030904
Queens,81,4,31700,"2,538",81031700
Queens,81,4,32000,"1,068",81032000
Queens,81,4,32700,"1,181",81032700
Queens,81,4,32800,738,81032800
Queens,81,4,32900,"1,057",81032900
Queens,81,4,33000,"1,926",81033000
Queens,81,4,33100,0,81033100
Queens,81,4,33401,973,81033401
Queens,81,4,33402,"6,086",81033402
Queens,81,4,33700,981,81033700
Queens,81,4,33900,"1,101",81033900
Queens,81,4,34700,953,81034700
Queens,81,4,35100,"1,520",81035100
Queens,81,4,35200,739,81035200
Queens,81,4,35300,750,81035300
Queens,81,4,35700,"1,452",81035700
Queens,81,4,35800,"1,241",81035800
Queens,81,4,36100,711,81036100
Queens,81,4,36300,618,81036300
Queens,81,4,36500,946,81036500
Queens,81,4,36600,907,81036600
Queens,81,4,36700,775,81036700
Queens,81,4,36800,755,81036800
Queens,81,4,37100,481,81037100
Queens,81,4,37300,718,81037300
Queens,81,4,37500,922,81037500
Queens,81,4,37600,"1,848",81037600
Queens,81,4,37700,920,81037700
Queens,81,4,37900,"1,340",81037900
Queens,81,4,38100,"1,668",81038100
Queens,81,4,38301,0,81038301
Queens,81,4,38302,1,81038302
Queens,81,4,38400,705,81038400
Queens,81,4,39400,884,81039400
Queens,81,4,39800,474,81039800
Queens,81,4,39900,"1,025",81039900
Queens,81,4,40000,390,81040000
Queens,81,4,40100,"1,755",81040100
Queens,81,4,40200,427,81040200
Queens,81,4,40300,"1,540",81040300
Queens,81,4,40400,"1,264",81040400
Queens,81,4,40500,738,81040500
Queens,81,4,40700,"1,842",81040700
Queens,81,4,40900,"1,222",81040900
Queens,81,4,41100,912,81041100
Queens,81,4,41300,"1,076",81041300
Queens,81,4,41400,"1,239",81041400
Queens,81,4,41500,"1,107",81041500
Queens,81,4,42400,716,81042400
Queens,81,4,42600,0,81042600
Queens,81,4,42700,"1,212",81042700
Queens,81,4,43200,381,81043200
Queens,81,4,43400,515,81043400
Queens,81,4,43701,782,81043701
Queens,81,4,43702,"2,142",81043702
Queens,81,4,43900,"1,197",81043900
Queens,81,4,44000,"1,111",81044000
Queens,81,4,44301,"1,414",81044301
Queens,81,4,44302,"1,499",81044302
Queens,81,4,44400,930,81044400
Queens,81,4,44601,"1,261",81044601
Queens,81,4,44602,"1,333",81044602
Queens,81,4,44800,778,81044800
Queens,81,4,45000,558,81045000
Queens,81,4,45200,209,81045200
Queens,81,4,45400,"1,481",81045400
Queens,81,4,45500,"4,502",81045500
Queens,81,4,45600,357,81045600
Queens,81,4,45700,"1,086",81045700
Queens,81,4,45800,643,81045800
Queens,81,4,45900,"1,110",81045900
Queens,81,4,46000,"1,928",81046000
Queens,81,4,46100,787,81046100
Queens,81,4,46200,"2,069",81046200
Queens,81,4,46300,"1,110",81046300
Queens,81,4,46400,515,81046400
Queens,81,4,46500,"1,030",81046500
Queens,81,4,46600,"1,354",81046600
Queens,81,4,46700,"2,047",81046700
Queens,81,4,46800,"1,074",81046800
Queens,81,4,46900,"2,604",81046900
Queens,81,4,47000,867,81047000
Queens,81,4,47100,"1,346",81047100
Queens,81,4,47200,"1,287",81047200
Queens,81,4,47300,"1,536",81047300
Queens,81,4,47500,"1,589",81047500
Queens,81,4,47600,429,81047600
Queens,81,4,47800,"2,149",81047800
Queens,81,4,47900,"1,764",81047900
Queens,81,4,48000,682,81048000
Queens,81,4,48100,"2,289",81048100
Queens,81,4,48200,387,81048200
Queens,81,4,48300,"1,242",81048300
Queens,81,4,48400,"1,437",81048400
Queens,81,4,48500,"1,490",81048500
Queens,81,4,48900,427,81048900
Queens,81,4,49200,"1,798",81049200
Queens,81,4,49301,727,81049301
Queens,81,4,49302,930,81049302
Queens,81,4,49500,507,81049500
Queens,81,4,49600,833,81049600
Queens,81,4,49700,982,81049700
Queens,81,4,49900,"1,605",81049900
Queens,81,4,50000,"1,514",81050000
Queens,81,4,50201,405,81050201
Queens,81,4,50202,377,81050202
Queens,81,4,50400,536,81050400
Queens,81,4,50500,643,81050500
Queens,81,4,50600,448,81050600
Queens,81,4,50700,"1,311",81050700
Queens,81,4,50800,566,81050800
Queens,81,4,51000,439,81051000
Queens,81,4,51100,771,81051100
Queens,81,4,51200,699,81051200
Queens,81,4,51300,826,81051300
Queens,81,4,51500,"1,150",81051500
Queens,81,4,51600,547,81051600
Queens,81,4,51700,752,81051700
Queens,81,4,51800,570,81051800
Queens,81,4,52000,432,81052000
Queens,81,4,52100,711,81052100
Queens,81,4,52200,465,81052200
Queens,81,4,52400,523,81052400
Queens,81,4,52500,750,81052500
Queens,81,4,52600,534,81052600
Queens,81,4,52800,445,81052800
Queens,81,4,53000,657,81053000
Queens,81,4,53100,"1,207",81053100
Queens,81,4,53200,541,81053200
Queens,81,4,53401,592,81053401
Queens,81,4,53500,386,81053500
Queens,81,4,53601,448,81053601
Queens,81,4,53800,465,81053800
Queens,81,4,53900,"1,349",81053900
Queens,81,4,54000,"1,176",81054000
Queens,81,4,54200,"1,414",81054200
Queens,81,4,54500,"1,214",81054500
Queens,81,4,54700,"1,367",81054700
Queens,81,4,54800,614,81054800
Queens,81,4,54900,"1,609",81054900
Queens,81,4,55100,"1,610",81055100
Queens,81,4,55200,"1,009",81055200
Queens,81,4,55300,750,81055300
Queens,81,4,55400,728,81055400
Queens,81,4,55500,661,81055500
Queens,81,4,55600,610,81055600
Queens,81,4,55700,"1,331",81055700
Queens,81,4,55800,499,81055800
Queens,81,4,55900,396,81055900
Queens,81,4,56000,485,81056000
Queens,81,4,56100,28,81056100
Queens,81,4,56200,442,81056200
Queens,81,4,56400,529,81056400
Queens,81,4,56500,462,81056500
Queens,81,4,56600,428,81056600
Queens,81,4,56700,"1,520",81056700
Queens,81,4,56800,"1,415",81056800
Queens,81,4,57700,"1,308",81057700
Queens,81,4,57900,611,81057900
Queens,81,4,58000,"1,086",81058000
Queens,81,4,58100,"1,027",81058100
Queens,81,4,58200,"1,338",81058200
Queens,81,4,58300,"1,204",81058300
Queens,81,4,58500,"1,476",81058500
Queens,81,4,58700,"1,301",81058700
Queens,81,4,58900,"1,559",81058900
Queens,81,4,59000,353,81059000
Queens,81,4,59100,"2,016",81059100
Queens,81,4,59200,409,81059200
Queens,81,4,59300,"1,501",81059300
Queens,81,4,59400,508,81059400
Queens,81,4,59500,"1,659",81059500
Queens,81,4,59600,421,81059600
Queens,81,4,59800,542,81059800
Queens,81,4,59900,574,81059900
Queens,81,4,60000,367,81060000
Queens,81,4,60100,791,81060100
Queens,81,4,60300,661,81060300
Queens,81,4,60600,455,81060600
Queens,81,4,60701,10,81060701
Queens,81,4,60800,431,81060800
Queens,81,4,61000,399,81061000
Queens,81,4,61200,479,81061200
Queens,81,4,61301,"1,887",81061301
Queens,81,4,61302,11,81061302
Queens,81,4,61400,371,81061400
Queens,81,4,61601,684,81061601
Queens,81,4,61602,352,81061602
Queens,81,4,61800,675,81061800
Queens,81,4,61900,"1,127",81061900
Queens,81,4,62000,475,81062000
Queens,81,4,62100,"1,052",81062100
Queens,81,4,62200,629,81062200
Queens,81,4,62300,751,81062300
Queens,81,4,62400,1,81062400
Queens,81,4,62500,891,81062500
Queens,81,4,62600,826,81062600
Queens,81,4,62700,"1,036",81062700
Queens,81,4,62900,"1,067",81062900
Queens,81,4,63000,499,81063000
Queens,81,4,63200,663,81063200
Queens,81,4,63301,564,81063301
Queens,81,4,63302,577,81063302
Queens,81,4,63500,968,81063500
Queens,81,4,63700,"1,169",81063700
Queens,81,4,63800,990,81063800
Queens,81,4,63900,"1,083",81063900
Queens,81,4,64101,903,81064101
Queens,81,4,64102,61,81064102
Queens,81,4,64500,759,81064500
Queens,81,4,64600,923,81064600
Queens,81,4,65000,841,81065000
Queens,81,4,65400,852,81065400
Queens,81,4,65501,0,81065501
Queens,81,4,65600,"1,448",81065600
Queens,81,4,65702,733,81065702
Queens,81,4,65703,"1,054",81065703
Queens,81,4,65900,688,81065900
Queens,81,4,66000,988,81066000
Queens,81,4,66100,644,81066100
Queens,81,4,66300,958,81066300
Queens,81,4,66400,"2,942",81066400
Queens,81,4,66501,"1,420",81066501
Queens,81,4,66701,"1,034",81066701
Queens,81,4,66900,708,81066900
Queens,81,4,67100,836,81067100
Queens,81,4,67700,687,81067700
Queens,81,4,67900,"1,656",81067900
Queens,81,4,68000,"1,474",81068000
Queens,81,4,68200,363,81068200
Queens,81,4,68300,"1,554",81068300
Queens,81,4,68700,"1,871",81068700
Queens,81,4,69000,"1,009",81069000
Queens,81,4,69300,"1,259",81069300
Queens,81,4,69400,"1,013",81069400
Queens,81,4,69500,829,81069500
Queens,81,4,69701,"1,671",81069701
Queens,81,4,69702,"1,485",81069702
Queens,81,4,70300,805,81070300
Queens,81,4,70700,932,81070700
Queens,81,4,70900,"1,021",81070900
Queens,81,4,71100,"2,725",81071100
Queens,81,4,71303,"2,599",81071303
Queens,81,4,71304,"3,115",81071304
Queens,81,4,71305,"2,426",81071305
Queens,81,4,71306,"2,749",81071306
Queens,81,4,71600,0,81071600
Queens,81,4,71701,"2,449",81071701
Queens,81,4,71702,"1,848",81071702
Queens,81,4,71900,960,81071900
Queens,81,4,72100,"2,240",81072100
Queens,81,4,72300,817,81072300
Queens,81,4,72900,501,81072900
Queens,81,4,73100,564,81073100
Queens,81,4,73700,"1,125",81073700
Queens,81,4,73900,"2,619",81073900
Queens,81,4,74100,"1,547",81074100
Queens,81,4,74300,"1,819",81074300
Queens,81,4,74500,"1,528",81074500
Queens,81,4,74700,"1,289",81074700
Queens,81,4,74900,543,81074900
Queens,81,4,75701,"2,548",81075701
Queens,81,4,75702,"2,225",81075702
Queens,81,4,76901,"2,151",81076901
Queens,81,4,76902,645,81076902
Queens,81,4,77300,"1,118",81077300
Queens,81,4,77500,"1,036",81077500
Queens,81,4,77902,"1,735",81077902
Queens,81,4,77903,"1,155",81077903
Queens,81,4,77904,"2,163",81077904
Queens,81,4,77905,"1,161",81077905
Queens,81,4,77906,"1,414",81077906
Queens,81,4,77907,"1,003",81077907
Queens,81,4,77908,"1,322",81077908
Queens,81,4,78800,517,81078800
Queens,81,4,79000,777,81079000
Queens,81,4,79200,732,81079200
Queens,81,4,79300,1,81079300
Queens,81,4,79701,"2,803",81079701
Queens,81,4,79702,"1,514",81079702
Queens,81,4,79900,"1,033",81079900
Queens,81,4,80301,"1,315",81080301
Queens,81,4,80302,"1,103",81080302
Queens,81,4,80900,"2,682",81080900
Queens,81,4,81400,998,81081400
Queens,81,4,81800,"1,007",81081800
Queens,81,4,83700,"1,679",81083700
Queens,81,4,83800,"1,504",81083800
Queens,81,4,84000,"1,871",81084000
Queens,81,4,84500,"2,071",81084500
Queens,81,4,84601,862,81084601
Queens,81,4,84602,246,81084602
Queens,81,4,84900,"2,347",81084900
Queens,81,4,85300,"2,075",81085300
Queens,81,4,85500,"2,568",81085500
Queens,81,4,85700,"1,896",81085700
Queens,81,4,85900,"2,006",81085900
Queens,81,4,86100,851,81086100
Queens,81,4,86300,"2,628",81086300
Queens,81,4,86400,789,81086400
Queens,81,4,86500,"2,128",81086500
Queens,81,4,86900,733,81086900
Queens,81,4,87100,642,81087100
Queens,81,4,88400,"2,799",81088400
Queens,81,4,88901,"4,172",81088901
Queens,81,4,89200,"2,632",81089200
Queens,81,4,90700,448,81090700
Queens,81,4,91601,"1,736",81091601
Queens,81,4,91602,0,81091602
Queens,81,4,91800,8,81091800
Queens,81,4,91900,"1,658",81091900
Queens,81,4,92200,809,81092200
Queens,81,4,92500,"1,218",81092500
Queens,81,4,92800,"1,168",81092800
Queens,81,4,92900,"2,166",81092900
Queens,81,4,93401,"1,444",81093401
Queens,81,4,93402,"1,652",81093402
Queens,81,4,93800,"2,353",81093800
Queens,81,4,93900,"1,539",81093900
Queens,81,4,94201,"1,167",81094201
Queens,81,4,94202,"1,695",81094202
Queens,81,4,94203,"2,575",81094203
Queens,81,4,94500,"1,375",81094500
Queens,81,4,94700,824,81094700
Queens,81,4,95400,"1,680",81095400
Queens,81,4,96400,"1,230",81096400
Queens,81,4,97202,975,81097202
Queens,81,4,97203,"2,304",81097203
Queens,81,4,97204,"1,084",81097204
Queens,81,4,97300,735,81097300
Queens,81,4,98100,792,81098100
Queens,81,4,98700,917,81098700
Queens,81,4,99100,"2,933",81099100
Queens,81,4,99200,"1,187",81099200
Queens,81,4,99701,"1,213",81099701
Queens,81,4,99703,"1,845",81099703
Queens,81,4,99704,"3,805",81099704
Queens,81,4,99705,"1,064",81099705
Queens,81,4,99801,"2,455",81099801
Queens,81,4,99802,"2,615",81099802
Queens,81,4,99900,0,81099900
Queens,81,4,100801,618,81100801
Queens,81,4,100802,"2,303",81100802
Queens,81,4,101001,"3,237",81101001
Queens,81,4,101002,"1,584",81101002
Queens,81,4,101700,"2,419",81101700
Queens,81,4,102900,"1,251",81102900
Queens,81,4,103201,"1,915",81103201
Queens,81,4,103202,"1,719",81103202
Queens,81,4,103300,"1,487",81103300
Queens,81,4,103900,"2,169",81103900
Queens,81,4,104700,"2,771",81104700
Queens,81,4,105900,"1,290",81105900
Queens,81,4,107201,915,81107201
Queens,81,4,107202,0,81107202
Queens,81,4,108500,938,81108500
Queens,81,4,109300,"1,045",81109300
Queens,81,4,109700,648,81109700
Queens,81,4,109900,"1,156",81109900
Queens,81,4,111300,862,81111300
Queens,81,4,112300,810,81112300
Queens,81,4,112900,884,81112900
Queens,81,4,113300,634,81113300
Queens,81,4,113900,"1,403",81113900
Queens,81,4,114100,855,81114100
Queens,81,4,114700,602,81114700
Queens,81,4,115100,378,81115100
Queens,81,4,115500,695,81115500
Queens,81,4,115700,"1,245",81115700
Queens,81,4,115900,"1,404",81115900
Queens,81,4,116100,"1,528",81116100
Queens,81,4,116300,"2,772",81116300
Queens,81,4,116700,651,81116700
Queens,81,4,117100,945,81117100
Queens,81,4,117500,"1,909",81117500
Queens,81,4,118100,674,81118100
Queens,81,4,118500,698,81118500
Queens,81,4,118700,769,81118700
Queens,81,4,118900,732,81118900
Queens,81,4,119100,"1,072",81119100
Queens,81,4,119300,763,81119300
Queens,81,4,119500,440,81119500
Queens,81,4,119900,472,81119900
Queens,81,4,120100,480,81120100
Queens,81,4,120300,489,81120300
Queens,81,4,120500,990,81120500
Queens,81,4,120700,890,81120700
Queens,81,4,121100,0,81121100
Queens,81,4,121500,"1,277",81121500
Queens,81,4,122300,"1,161",81122300
Queens,81,4,122701,"4,224",81122701
Queens,81,4,122702,"2,734",81122702
Queens,81,4,124100,"1,279",81124100
Queens,81,4,124700,"1,164",81124700
Queens,81,4,125700,"1,006",81125700
Queens,81,4,126500,555,81126500
Queens,81,4,126700,678,81126700
Queens,81,4,127700,"1,152",81127700
Queens,81,4,128300,45,81128300
Queens,81,4,129102,"1,242",81129102
Queens,81,4,129103,"1,945",81129103
Queens,81,4,129104,"1,863",81129104
Queens,81,4,130100,"1,521",81130100
Queens,81,4,133300,"1,304",81133300
Queens,81,4,133900,431,81133900
Queens,81,4,134100,"1,047",81134100
Queens,81,4,134700,"3,870",81134700
Queens,81,4,136700,"2,355",81136700
Queens,81,4,137700,"2,335",81137700
Queens,81,4,138501,"1,457",81138501
Queens,81,4,138502,0,81138502
Queens,81,4,139900,564,81139900
Queens,81,4,140300,775,81140300
Queens,81,4,140901,299,81140901
Queens,81,4,140902,854,81140902
Queens,81,4,141700,"1,493",81141700
Queens,81,4,142900,"1,242",81142900
Queens,81,4,143500,727,81143500
Queens,81,4,144100,"1,180",81144100
Queens,81,4,144700,948,81144700
Queens,81,4,145101,465,81145101
Queens,81,4,145102,778,81145102
Queens,81,4,145900,942,81145900
Queens,81,4,146300,987,81146300
Queens,81,4,146700,"1,266",81146700
Queens,81,4,147100,"1,310",81147100
Queens,81,4,147900,"1,690",81147900
Queens,81,4,148300,"1,023",81148300
Queens,81,4,150701,"1,061",81150701
Queens,81,4,150702,"1,205",81150702
Queens,81,4,152901,"2,528",81152901
Queens,81,4,152902,"2,182",81152902
Queens,81,4,155101,"1,362",81155101
Queens,81,4,155102,"3,405",81155102
Queens,81,4,156700,265,81156700
Queens,81,4,157101,"2,452",81157101
Queens,81,4,157102,576,81157102
Queens,81,4,157901,"1,733",81157901
Queens,81,4,157902,"1,107",81157902
Queens,81,4,157903,"1,330",81157903
Queens,81,4,161700,"1,468",81161700
Queens,81,4,162100,"1,966",81162100
Queens,81,4,990100,0,81990100
Staten Island,85,5,300,936,85000300
Staten Island,85,5,600,"1,236",85000600
Staten Island,85,5,700,"2,129",85000700
Staten Island,85,5,800,"1,877",85000800
Staten Island,85,5,900,788,85000900
Staten Island,85,5,1100,"1,271",85001100
Staten Island,85,5,1700,600,85001700
Staten Island,85,5,1800,214,85001800
Staten Island,85,5,2001,"1,031",85002001
Staten Island,85,5,2002,"1,207",85002002
Staten Island,85,5,2100,"1,371",85002100
Staten Island,85,5,2700,465,85002700
Staten Island,85,5,2900,"1,578",85002900
Staten Island,85,5,3300,"1,347",85003300
Staten Island,85,5,3600,818,85003600
Staten Island,85,5,3900,950,85003900
Staten Island,85,5,4000,"4,375",85004000
Staten Island,85,5,4700,"1,145",85004700
Staten Island,85,5,5000,"1,458",85005000
Staten Island,85,5,5900,"1,134",85005900
Staten Island,85,5,6400,"1,255",85006400
Staten Island,85,5,6700,"1,113",85006700
Staten Island,85,5,7000,"2,768",85007000
Staten Island,85,5,7400,"1,702",85007400
Staten Island,85,5,7500,"1,119",85007500
Staten Island,85,5,7700,468,85007700
Staten Island,85,5,8100,"1,699",85008100
Staten Island,85,5,8900,0,85008900
Staten Island,85,5,9601,"1,527",85009601
Staten Island,85,5,9602,"1,349",85009602
Staten Island,85,5,9700,"1,315",85009700
Staten Island,85,5,10500,"1,735",85010500
Staten Island,85,5,11201,"2,072",85011201
Staten Island,85,5,11202,"2,274",85011202
Staten Island,85,5,11401,"1,318",85011401
Staten Island,85,5,11402,"1,325",85011402
Staten Island,85,5,12100,"1,141",85012100
Staten Island,85,5,12200,"1,439",85012200
Staten Island,85,5,12500,945,85012500
Staten Island,85,5,12804,"1,522",85012804
Staten Island,85,5,12805,"1,091",85012805
Staten Island,85,5,12806,"2,455",85012806
Staten Island,85,5,13201,578,85013201
Staten Island,85,5,13203,"2,039",85013203
Staten Island,85,5,13204,"1,834",85013204
Staten Island,85,5,13301,587,85013301
Staten Island,85,5,13302,968,85013302
Staten Island,85,5,13400,"1,537",85013400
Staten Island,85,5,13800,"2,355",85013800
Staten Island,85,5,14100,920,85014100
Staten Island,85,5,14604,"2,473",85014604
Staten Island,85,5,14605,"1,347",85014605
Staten Island,85,5,14606,"2,314",85014606
Staten Island,85,5,14607,"1,619",85014607
Staten Island,85,5,14608,"1,226",85014608
Staten Island,85,5,14700,"1,416",85014700
Staten Island,85,5,15100,"1,998",85015100
Staten Island,85,5,15400,0,85015400
Staten Island,85,5,15601,"2,389",85015601
Staten Island,85,5,15602,"1,158",85015602
Staten Island,85,5,15603,"1,604",85015603
Staten Island,85,5,16901,"1,093",85016901
Staten Island,85,5,17005,"1,624",85017005
Staten Island,85,5,17007,"1,660",85017007
Staten Island,85,5,17008,"2,590",85017008
Staten Island,85,5,17009,"1,556",85017009
Staten Island,85,5,17010,"2,987",85017010
Staten Island,85,5,17011,"1,728",85017011
Staten Island,85,5,17012,"1,615",85017012
Staten Island,85,5,17300,941,85017300
Staten Island,85,5,17600,"1,649",85017600
Staten Island,85,5,17700,"2,414",85017700
Staten Island,85,5,18100,"1,019",85018100
Staten Island,85,5,18701,635,85018701
Staten Island,85,5,18702,"2,249",85018702
Staten Island,85,5,18901,"2,001",85018901
Staten Island,85,5,18902,"1,682",85018902
Staten Island,85,5,19700,702,85019700
Staten Island,85,5,19800,"2,136",85019800
Staten Island,85,5,20100,"1,214",85020100
Staten Island,85,5,20700,"1,837",85020700
Staten Island,85,5,20801,"3,150",85020801
Staten Island,85,5,20803,"2,192",85020803
Staten Island,85,5,20804,"1,927",85020804
Staten Island,85,5,21300,"1,584",85021300
Staten Island,85,5,22300,845,85022300
Staten Island,85,5,22600,"2,627",85022600
Staten Island,85,5,22800,32,85022800
Staten Island,85,5,23100,"1,429",85023100
Staten Island,85,5,23900,"1,008",85023900
Staten Island,85,5,24401,"2,005",85024401
Staten Island,85,5,24402,"1,530",85024402
Staten Island,85,5,24700,948,85024700
Staten Island,85,5,24800,"1,634",85024800
Staten Island,85,5,25100,"2,103",85025100
Staten Island,85,5,27301,"1,489",85027301
Staten Island,85,5,27302,"1,205",85027302
Staten Island,85,5,27702,"2,847",85027702
Staten Island,85,5,27704,"1,406",85027704
Staten Island,85,5,27705,"1,810",85027705
Staten Island,85,5,27706,"1,092",85027706
Staten Island,85,5,27900,696,85027900
Staten Island,85,5,29102,980,85029102
Staten Island,85,5,29103,"2,653",85029103
Staten Island,85,5,29104,"2,290",85029104
Staten Island,85,5,30301,"1,749",85030301
Staten Island,85,5,30302,"1,939",85030302
Staten Island,85,5,31901,"1,061",85031901
Staten Island,85,5,31902,"1,581",85031902
Staten Island,85,5,32300,448,85032300
Staten Island,85,5,990100,0,85990100